﻿<?xml version="1.0" encoding="utf-8"?>
<TextureAtlas imagePath="majin.png">
	<!-- Created with Adobe Animate version 21.0.7.42652 -->
	<!-- http://www.adobe.com/products/animate.html -->
	<SubTexture name="death0000" x="14" y="14" width="621" height="1001" frameX="-205" frameY="-148" frameWidth="1092" frameHeight="1149"/>
	<SubTexture name="death0001" x="14" y="14" width="621" height="1001" frameX="-205" frameY="-148" frameWidth="1092" frameHeight="1149"/>
	<SubTexture name="death0002" x="638" y="14" width="752" height="994" frameX="-110" frameY="-151" frameWidth="1092" frameHeight="1149"/>
	<SubTexture name="death0003" x="638" y="14" width="752" height="994" frameX="-110" frameY="-151" frameWidth="1092" frameHeight="1149"/>
	<SubTexture name="death0004" x="1393" y="14" width="865" height="970" frameX="0" frameY="-161" frameWidth="1092" frameHeight="1149"/>
	<SubTexture name="death0005" x="1393" y="14" width="865" height="970" frameX="0" frameY="-161" frameWidth="1092" frameHeight="1149"/>
	<SubTexture name="death0006" x="2261" y="14" width="810" height="934" frameX="-94" frameY="-151" frameWidth="1092" frameHeight="1149"/>
	<SubTexture name="death0007" x="2261" y="14" width="810" height="934" frameX="-94" frameY="-151" frameWidth="1092" frameHeight="1149"/>
	<SubTexture name="death0008" x="3074" y="14" width="1077" height="842" frameX="-15" frameY="-179" frameWidth="1092" frameHeight="1149"/>
	<SubTexture name="death0009" x="3074" y="14" width="1077" height="842" frameX="-15" frameY="-179" frameWidth="1092" frameHeight="1149"/>
	<SubTexture name="death0010" x="4154" y="14" width="975" height="580" frameX="-22" frameY="-410" frameWidth="1092" frameHeight="1149"/>
	<SubTexture name="death0011" x="5132" y="14" width="874" height="724" frameX="-22" frameY="-361" frameWidth="1092" frameHeight="1149"/>
	<SubTexture name="death0012" x="6009" y="14" width="881" height="724" frameX="-15" frameY="-361" frameWidth="1092" frameHeight="1149"/>
	<SubTexture name="death0013" x="6893" y="14" width="777" height="503" frameX="-99" frameY="-541" frameWidth="1092" frameHeight="1149"/>
	<SubTexture name="death0014" x="14" y="1018" width="817" height="503" frameX="-59" frameY="-541" frameWidth="1092" frameHeight="1149"/>
	<SubTexture name="death0015" x="834" y="1018" width="830" height="512" frameX="-59" frameY="-515" frameWidth="1092" frameHeight="1149"/>
	<SubTexture name="death0016" x="1667" y="1018" width="801" height="512" frameX="-88" frameY="-515" frameWidth="1092" frameHeight="1149"/>
	<SubTexture name="death0017" x="2471" y="1018" width="791" height="487" frameX="-88" frameY="-422" frameWidth="1092" frameHeight="1149"/>
	<SubTexture name="death0018" x="3265" y="1018" width="693" height="439" frameX="-155" frameY="-386" frameWidth="1092" frameHeight="1149"/>
	<SubTexture name="death0019" x="3961" y="1018" width="491" height="606" frameX="-334" frameY="-148" frameWidth="1092" frameHeight="1149"/>
	<SubTexture name="death0020" x="4455" y="1018" width="478" height="604" frameX="-347" frameY="0" frameWidth="1092" frameHeight="1149"/>
	<SubTexture name="death0021" x="4936" y="1018" width="0" height="0" frameX="364" frameY="-116" frameWidth="1092" frameHeight="1149"/>
	<SubTexture name="death0022" x="4936" y="1018" width="0" height="0" frameX="364" frameY="-116" frameWidth="1092" frameHeight="1149"/>
	<SubTexture name="death0023" x="4936" y="1018" width="0" height="0" frameX="364" frameY="-116" frameWidth="1092" frameHeight="1149"/>
	<SubTexture name="death0024" x="4936" y="1018" width="0" height="0" frameX="364" frameY="-116" frameWidth="1092" frameHeight="1149"/>
	<SubTexture name="death0025" x="4936" y="1018" width="0" height="0" frameX="364" frameY="-116" frameWidth="1092" frameHeight="1149"/>
	<SubTexture name="death0026" x="4936" y="1018" width="0" height="0" frameX="364" frameY="-116" frameWidth="1092" frameHeight="1149"/>
	<SubTexture name="death0027" x="4939" y="1018" width="117" height="429" frameX="-520" frameY="-376" frameWidth="1092" frameHeight="1149"/>
	<SubTexture name="death0028" x="5059" y="1018" width="129" height="269" frameX="-514" frameY="-648" frameWidth="1092" frameHeight="1149"/>
	<SubTexture name="death0029" x="5191" y="1018" width="204" height="218" frameX="-475" frameY="-748" frameWidth="1092" frameHeight="1149"/>
	<SubTexture name="death0030" x="5398" y="1018" width="216" height="205" frameX="-469" frameY="-764" frameWidth="1092" frameHeight="1149"/>
	<SubTexture name="death0031" x="5398" y="1018" width="216" height="205" frameX="-469" frameY="-764" frameWidth="1092" frameHeight="1149"/>
	<SubTexture name="death0032" x="5617" y="1018" width="213" height="204" frameX="-471" frameY="-761" frameWidth="1092" frameHeight="1149"/>
	<SubTexture name="death0033" x="5617" y="1018" width="213" height="204" frameX="-471" frameY="-759" frameWidth="1092" frameHeight="1149"/>
	<SubTexture name="death0034" x="5833" y="1018" width="567" height="408" frameX="-117" frameY="-554" frameWidth="1092" frameHeight="1149"/>
	<SubTexture name="death0035" x="6403" y="1018" width="567" height="406" frameX="-117" frameY="-554" frameWidth="1092" frameHeight="1149"/>
	<SubTexture name="death0036" x="6973" y="1018" width="567" height="405" frameX="-117" frameY="-554" frameWidth="1092" frameHeight="1149"/>
	<SubTexture name="death0037" x="7543" y="1018" width="567" height="404" frameX="-117" frameY="-554" frameWidth="1092" frameHeight="1149"/>
	<SubTexture name="death0038" x="14" y="1627" width="567" height="403" frameX="-117" frameY="-554" frameWidth="1092" frameHeight="1149"/>
	<SubTexture name="death0039" x="584" y="1627" width="567" height="402" frameX="-117" frameY="-554" frameWidth="1092" frameHeight="1149"/>
	<SubTexture name="death0040" x="584" y="1627" width="567" height="402" frameX="-117" frameY="-554" frameWidth="1092" frameHeight="1149"/>
	<SubTexture name="death0041" x="1154" y="1627" width="567" height="402" frameX="-117" frameY="-554" frameWidth="1092" frameHeight="1149"/>
	<SubTexture name="death0042" x="1154" y="1627" width="567" height="402" frameX="-117" frameY="-554" frameWidth="1092" frameHeight="1149"/>
	<SubTexture name="death0043" x="1154" y="1627" width="567" height="402" frameX="-117" frameY="-554" frameWidth="1092" frameHeight="1149"/>
	<SubTexture name="death0044" x="1154" y="1627" width="567" height="402" frameX="-117" frameY="-554" frameWidth="1092" frameHeight="1149"/>
	<SubTexture name="death0045" x="1724" y="1627" width="567" height="402" frameX="-117" frameY="-554" frameWidth="1092" frameHeight="1149"/>
	<SubTexture name="death0046" x="2294" y="1627" width="573" height="402" frameX="-117" frameY="-554" frameWidth="1092" frameHeight="1149"/>
	<SubTexture name="death0047" x="2870" y="1627" width="567" height="402" frameX="-117" frameY="-554" frameWidth="1092" frameHeight="1149"/>
	<SubTexture name="death0048" x="2870" y="1627" width="567" height="402" frameX="-117" frameY="-554" frameWidth="1092" frameHeight="1149"/>
	<SubTexture name="death0049" x="2870" y="1627" width="567" height="402" frameX="-117" frameY="-554" frameWidth="1092" frameHeight="1149"/>
	<SubTexture name="death0050" x="2870" y="1627" width="567" height="402" frameX="-117" frameY="-554" frameWidth="1092" frameHeight="1149"/>
	<SubTexture name="death0051" x="2870" y="1627" width="567" height="402" frameX="-117" frameY="-554" frameWidth="1092" frameHeight="1149"/>
	<SubTexture name="loop0000" x="3440" y="1627" width="567" height="400"/>
	<SubTexture name="loop0001" x="3440" y="1627" width="567" height="400"/>
	<SubTexture name="loop0002" x="4010" y="1627" width="567" height="400"/>
	<SubTexture name="loop0003" x="4010" y="1627" width="567" height="400"/>
	<SubTexture name="loop0004" x="4010" y="1627" width="567" height="400"/>
	<SubTexture name="loop0005" x="4010" y="1627" width="567" height="400"/>
	<SubTexture name="loop0006" x="4010" y="1627" width="567" height="400"/>
	<SubTexture name="loop0007" x="4010" y="1627" width="567" height="400"/>
	<SubTexture name="loop0008" x="4010" y="1627" width="567" height="400"/>
	<SubTexture name="loop0009" x="4010" y="1627" width="567" height="400"/>
	<SubTexture name="loop0010" x="4010" y="1627" width="567" height="400"/>
	<SubTexture name="loop0011" x="4010" y="1627" width="567" height="400"/>
	<SubTexture name="loop0012" x="4010" y="1627" width="567" height="400"/>
	<SubTexture name="loop0013" x="4010" y="1627" width="567" height="400"/>
	<SubTexture name="loop0014" x="4580" y="1627" width="567" height="400"/>
	<SubTexture name="loop0015" x="4580" y="1627" width="567" height="400"/>
	<SubTexture name="loop0016" x="5150" y="1627" width="567" height="400"/>
	<SubTexture name="loop0017" x="5150" y="1627" width="567" height="400"/>
	<SubTexture name="loop0018" x="5150" y="1627" width="567" height="400"/>
	<SubTexture name="loop0019" x="5150" y="1627" width="567" height="400"/>
	<SubTexture name="loop0020" x="5150" y="1627" width="567" height="400"/>
	<SubTexture name="loop0021" x="5150" y="1627" width="567" height="400"/>
	<SubTexture name="loop0022" x="5150" y="1627" width="567" height="400"/>
	<SubTexture name="loop0023" x="5150" y="1627" width="567" height="400"/>
	<SubTexture name="loop0024" x="5150" y="1627" width="567" height="400"/>
	<SubTexture name="loop0025" x="5150" y="1627" width="567" height="400"/>
	<SubTexture name="loop0026" x="5150" y="1627" width="567" height="400"/>
	<SubTexture name="loop0027" x="5150" y="1627" width="567" height="400"/>
	<SubTexture name="loop0028" x="5150" y="1627" width="567" height="400"/>
	<SubTexture name="loop0029" x="5150" y="1627" width="567" height="400"/>
	<SubTexture name="majin down0000" x="5720" y="1627" width="644" height="1011" frameX="0" frameY="-13" frameWidth="644" frameHeight="1035"/>
	<SubTexture name="majin down0001" x="5720" y="1627" width="644" height="1011" frameX="0" frameY="-13" frameWidth="644" frameHeight="1035"/>
	<SubTexture name="majin down0002" x="6367" y="1627" width="597" height="1032" frameX="-16" frameY="0" frameWidth="644" frameHeight="1035"/>
	<SubTexture name="majin down0003" x="6367" y="1627" width="597" height="1032" frameX="-16" frameY="0" frameWidth="644" frameHeight="1035"/>
	<SubTexture name="majin down0004" x="6967" y="1627" width="568" height="1033" frameX="-20" frameY="0" frameWidth="644" frameHeight="1035"/>
	<SubTexture name="majin down0005" x="6967" y="1627" width="568" height="1033" frameX="-20" frameY="0" frameWidth="644" frameHeight="1035"/>
	<SubTexture name="majin down0006" x="7538" y="1627" width="559" height="1030" frameX="-21" frameY="-5" frameWidth="644" frameHeight="1035"/>
	<SubTexture name="majin down0007" x="7538" y="1627" width="559" height="1030" frameX="-21" frameY="-5" frameWidth="644" frameHeight="1035"/>
	<SubTexture name="majin idle0000" x="14" y="2663" width="619" height="1001" frameX="-21" frameY="-27" frameWidth="647" frameHeight="1029"/>
	<SubTexture name="majin idle0001" x="636" y="2663" width="629" height="992" frameX="-17" frameY="-36" frameWidth="647" frameHeight="1029"/>
	<SubTexture name="majin idle0002" x="1268" y="2663" width="641" height="979" frameX="-6" frameY="-50" frameWidth="647" frameHeight="1029"/>
	<SubTexture name="majin idle0003" x="1912" y="2663" width="647" height="971" frameX="0" frameY="-58" frameWidth="647" frameHeight="1029"/>
	<SubTexture name="majin idle0004" x="1912" y="2663" width="647" height="971" frameX="0" frameY="-58" frameWidth="647" frameHeight="1029"/>
	<SubTexture name="majin idle0005" x="2562" y="2663" width="642" height="965" frameX="-5" frameY="-62" frameWidth="647" frameHeight="1029"/>
	<SubTexture name="majin idle0006" x="2562" y="2663" width="642" height="965" frameX="-5" frameY="-62" frameWidth="647" frameHeight="1029"/>
	<SubTexture name="majin idle0007" x="3207" y="2663" width="634" height="964" frameX="-13" frameY="-61" frameWidth="647" frameHeight="1029"/>
	<SubTexture name="majin idle0008" x="3207" y="2663" width="634" height="964" frameX="-13" frameY="-61" frameWidth="647" frameHeight="1029"/>
	<SubTexture name="majin idle0009" x="3844" y="2663" width="624" height="976" frameX="-17" frameY="-45" frameWidth="647" frameHeight="1029"/>
	<SubTexture name="majin idle0010" x="3844" y="2663" width="624" height="976" frameX="-17" frameY="-45" frameWidth="647" frameHeight="1029"/>
	<SubTexture name="majin idle0011" x="4471" y="2663" width="620" height="986" frameX="-16" frameY="-36" frameWidth="647" frameHeight="1029"/>
	<SubTexture name="majin idle0012" x="4471" y="2663" width="620" height="986" frameX="-16" frameY="-36" frameWidth="647" frameHeight="1029"/>
	<SubTexture name="majin idle0013" x="4471" y="2663" width="620" height="986" frameX="-16" frameY="-36" frameWidth="647" frameHeight="1029"/>
	<SubTexture name="majin idle0014" x="4471" y="2663" width="620" height="986" frameX="-16" frameY="-36" frameWidth="647" frameHeight="1029"/>
	<SubTexture name="majin idle0015" x="5094" y="2663" width="618" height="989" frameX="-17" frameY="-34" frameWidth="647" frameHeight="1029"/>
	<SubTexture name="majin idle0016" x="5715" y="2663" width="613" height="999" frameX="-20" frameY="-25" frameWidth="647" frameHeight="1029"/>
	<SubTexture name="majin idle0017" x="6331" y="2663" width="597" height="999" frameX="-29" frameY="-23" frameWidth="647" frameHeight="1029"/>
	<SubTexture name="majin idle0018" x="6931" y="2663" width="577" height="1004" frameX="-36" frameY="-14" frameWidth="647" frameHeight="1029"/>
	<SubTexture name="majin idle0019" x="6931" y="2663" width="577" height="1004" frameX="-36" frameY="-14" frameWidth="647" frameHeight="1029"/>
	<SubTexture name="majin idle0020" x="7511" y="2663" width="586" height="1004" frameX="-29" frameY="-10" frameWidth="647" frameHeight="1029"/>
	<SubTexture name="majin idle0021" x="7511" y="2663" width="586" height="1004" frameX="-29" frameY="-10" frameWidth="647" frameHeight="1029"/>
	<SubTexture name="majin idle0022" x="14" y="3670" width="587" height="1011" frameX="-28" frameY="0" frameWidth="647" frameHeight="1029"/>
	<SubTexture name="majin idle0023" x="14" y="3670" width="587" height="1011" frameX="-28" frameY="0" frameWidth="647" frameHeight="1029"/>
	<SubTexture name="majin idle0024" x="604" y="3670" width="593" height="1001" frameX="-30" frameY="-10" frameWidth="647" frameHeight="1029"/>
	<SubTexture name="majin idle0025" x="604" y="3670" width="593" height="1001" frameX="-30" frameY="-10" frameWidth="647" frameHeight="1029"/>
	<SubTexture name="majin idle0026" x="1200" y="3670" width="601" height="989" frameX="-33" frameY="-23" frameWidth="647" frameHeight="1029"/>
	<SubTexture name="majin idle0027" x="1200" y="3670" width="601" height="989" frameX="-33" frameY="-23" frameWidth="647" frameHeight="1029"/>
	<SubTexture name="majin idle0028" x="1804" y="3670" width="609" height="994" frameX="-26" frameY="-24" frameWidth="647" frameHeight="1029"/>
	<SubTexture name="majin idle0029" x="1804" y="3670" width="609" height="994" frameX="-26" frameY="-24" frameWidth="647" frameHeight="1029"/>
	<SubTexture name="majinleft0000" x="2416" y="3670" width="707" height="1033" frameX="0" frameY="0" frameWidth="737" frameHeight="1044"/>
	<SubTexture name="majinleft0001" x="2416" y="3670" width="707" height="1033" frameX="0" frameY="0" frameWidth="737" frameHeight="1044"/>
	<SubTexture name="majinleft0002" x="3126" y="3670" width="673" height="1039" frameX="-53" frameY="-1" frameWidth="737" frameHeight="1044"/>
	<SubTexture name="majinleft0003" x="3126" y="3670" width="673" height="1039" frameX="-53" frameY="-1" frameWidth="737" frameHeight="1044"/>
	<SubTexture name="majinleft0004" x="3802" y="3670" width="671" height="1037" frameX="-61" frameY="-6" frameWidth="737" frameHeight="1044"/>
	<SubTexture name="majinleft0005" x="3802" y="3670" width="671" height="1037" frameX="-61" frameY="-6" frameWidth="737" frameHeight="1044"/>
	<SubTexture name="majinleft0006" x="4476" y="3670" width="671" height="1033" frameX="-66" frameY="-11" frameWidth="737" frameHeight="1044"/>
	<SubTexture name="majinleft0007" x="4476" y="3670" width="671" height="1033" frameX="-66" frameY="-11" frameWidth="737" frameHeight="1044"/>
	<SubTexture name="majinright0000" x="5150" y="3670" width="1067" height="746" frameX="0" frameY="-13" frameWidth="1068" frameHeight="776"/>
	<SubTexture name="majinright0001" x="6220" y="3670" width="1045" height="749" frameX="-16" frameY="-27" frameWidth="1068" frameHeight="776"/>
	<SubTexture name="majinright0002" x="14" y="4712" width="1045" height="749" frameX="-16" frameY="-27" frameWidth="1068" frameHeight="776"/>
	<SubTexture name="majinright0003" x="1062" y="4712" width="1030" height="740" frameX="-28" frameY="-31" frameWidth="1068" frameHeight="776"/>
	<SubTexture name="majinright0004" x="2095" y="4712" width="1030" height="740" frameX="-28" frameY="-31" frameWidth="1068" frameHeight="776"/>
	<SubTexture name="majinright0005" x="3128" y="4712" width="1013" height="733" frameX="-45" frameY="-27" frameWidth="1068" frameHeight="776"/>
	<SubTexture name="majinright0006" x="4144" y="4712" width="1013" height="733" frameX="-45" frameY="-27" frameWidth="1068" frameHeight="776"/>
	<SubTexture name="majinright0007" x="5160" y="4712" width="1020" height="732" frameX="-46" frameY="-22" frameWidth="1068" frameHeight="776"/>
	<SubTexture name="majinright0008" x="6183" y="4712" width="1020" height="732" frameX="-46" frameY="-22" frameWidth="1068" frameHeight="776"/>
	<SubTexture name="majinright0009" x="14" y="5464" width="1022" height="732" frameX="-46" frameY="-22" frameWidth="1068" frameHeight="776"/>
	<SubTexture name="majinright0010" x="1039" y="5464" width="1022" height="732" frameX="-46" frameY="-22" frameWidth="1068" frameHeight="776"/>
	<SubTexture name="majinright0011" x="2064" y="5464" width="995" height="752" frameX="-46" frameY="-2" frameWidth="1068" frameHeight="776"/>
	<SubTexture name="majinright0012" x="2064" y="5464" width="995" height="752" frameX="-46" frameY="-2" frameWidth="1068" frameHeight="776"/>
	<SubTexture name="majinright0013" x="3062" y="5464" width="995" height="754" frameX="-46" frameY="0" frameWidth="1068" frameHeight="776"/>
	<SubTexture name="majinright0014" x="3062" y="5464" width="995" height="754" frameX="-46" frameY="0" frameWidth="1068" frameHeight="776"/>
	<SubTexture name="majinright0015" x="4060" y="5464" width="995" height="753" frameX="-46" frameY="-1" frameWidth="1068" frameHeight="776"/>
	<SubTexture name="majinright0016" x="4060" y="5464" width="995" height="753" frameX="-46" frameY="-1" frameWidth="1068" frameHeight="776"/>
	<SubTexture name="majinright0017" x="4060" y="5464" width="995" height="753" frameX="-46" frameY="-1" frameWidth="1068" frameHeight="776"/>
	<SubTexture name="majinright0018" x="4060" y="5464" width="995" height="753" frameX="-46" frameY="-1" frameWidth="1068" frameHeight="776"/>
	<SubTexture name="majinright0019" x="4060" y="5464" width="995" height="753" frameX="-46" frameY="-1" frameWidth="1068" frameHeight="776"/>
	<SubTexture name="majinright0020" x="4060" y="5464" width="995" height="753" frameX="-46" frameY="-1" frameWidth="1068" frameHeight="776"/>
	<SubTexture name="majinup0000" x="5058" y="5464" width="560" height="1015" frameX="-38" frameY="0" frameWidth="598" frameHeight="1016"/>
	<SubTexture name="majinup0001" x="5058" y="5464" width="560" height="1015" frameX="-38" frameY="0" frameWidth="598" frameHeight="1016"/>
	<SubTexture name="majinup0002" x="5621" y="5464" width="569" height="1008" frameX="-16" frameY="-8" frameWidth="598" frameHeight="1016"/>
	<SubTexture name="majinup0003" x="5621" y="5464" width="569" height="1008" frameX="-16" frameY="-8" frameWidth="598" frameHeight="1016"/>
	<SubTexture name="majinup0004" x="6193" y="5464" width="582" height="999" frameX="-4" frameY="-14" frameWidth="598" frameHeight="1016"/>
	<SubTexture name="majinup0005" x="6193" y="5464" width="582" height="999" frameX="-4" frameY="-14" frameWidth="598" frameHeight="1016"/>
	<SubTexture name="majinup0006" x="6778" y="5464" width="585" height="1003" frameX="0" frameY="-9" frameWidth="598" frameHeight="1016"/>
	<SubTexture name="majinup0007" x="6778" y="5464" width="585" height="1003" frameX="0" frameY="-9" frameWidth="598" frameHeight="1016"/>
	<SubTexture name="missdown0000" x="7366" y="5464" width="644" height="1012" frameX="0" frameY="-18" frameWidth="644" frameHeight="1047"/>
	<SubTexture name="missdown0001" x="14" y="6482" width="530" height="1047" frameX="-28" frameY="0" frameWidth="644" frameHeight="1047"/>
	<SubTexture name="missdown0002" x="14" y="6482" width="530" height="1047" frameX="-28" frameY="0" frameWidth="644" frameHeight="1047"/>
	<SubTexture name="missdown0003" x="547" y="6482" width="545" height="1031" frameX="-20" frameY="-15" frameWidth="644" frameHeight="1047"/>
	<SubTexture name="missdown0004" x="547" y="6482" width="545" height="1031" frameX="-20" frameY="-15" frameWidth="644" frameHeight="1047"/>
	<SubTexture name="missdown0005" x="547" y="6482" width="545" height="1031" frameX="-20" frameY="-15" frameWidth="644" frameHeight="1047"/>
	<SubTexture name="missdown0006" x="547" y="6482" width="545" height="1031" frameX="-20" frameY="-15" frameWidth="644" frameHeight="1047"/>
	<SubTexture name="missleft0000" x="1095" y="6482" width="706" height="1033" frameX="0" frameY="0" frameWidth="769" frameHeight="1043"/>
	<SubTexture name="missleft0001" x="1804" y="6482" width="688" height="1036" frameX="-81" frameY="-7" frameWidth="769" frameHeight="1043"/>
	<SubTexture name="missleft0002" x="1804" y="6482" width="688" height="1036" frameX="-81" frameY="-7" frameWidth="769" frameHeight="1043"/>
	<SubTexture name="missleft0003" x="2495" y="6482" width="687" height="1036" frameX="-75" frameY="-7" frameWidth="769" frameHeight="1043"/>
	<SubTexture name="missleft0004" x="2495" y="6482" width="687" height="1036" frameX="-75" frameY="-7" frameWidth="769" frameHeight="1043"/>
	<SubTexture name="missleft0005" x="2495" y="6482" width="687" height="1036" frameX="-75" frameY="-7" frameWidth="769" frameHeight="1043"/>
	<SubTexture name="missleft0006" x="2495" y="6482" width="687" height="1036" frameX="-75" frameY="-7" frameWidth="769" frameHeight="1043"/>
	<SubTexture name="missright0000" x="3185" y="6482" width="995" height="753" frameX="-10" frameY="0" frameWidth="1005" frameHeight="758"/>
	<SubTexture name="missright0001" x="4183" y="6482" width="985" height="738" frameX="0" frameY="-20" frameWidth="1005" frameHeight="758"/>
	<SubTexture name="missright0002" x="4183" y="6482" width="985" height="738" frameX="0" frameY="-20" frameWidth="1005" frameHeight="758"/>
	<SubTexture name="missright0003" x="5171" y="6482" width="992" height="738" frameX="-2" frameY="-20" frameWidth="1005" frameHeight="758"/>
	<SubTexture name="missright0004" x="5171" y="6482" width="992" height="738" frameX="-2" frameY="-20" frameWidth="1005" frameHeight="758"/>
	<SubTexture name="missright0005" x="5171" y="6482" width="992" height="738" frameX="-2" frameY="-20" frameWidth="1005" frameHeight="758"/>
	<SubTexture name="missright0006" x="5171" y="6482" width="992" height="738" frameX="-2" frameY="-20" frameWidth="1005" frameHeight="758"/>
	<SubTexture name="missup0000" x="6166" y="6482" width="560" height="1016" frameX="-34" frameY="-4" frameWidth="613" frameHeight="1020"/>
	<SubTexture name="missup0001" x="6729" y="6482" width="613" height="994" frameX="0" frameY="-13" frameWidth="613" frameHeight="1020"/>
	<SubTexture name="missup0002" x="6729" y="6482" width="613" height="994" frameX="0" frameY="-13" frameWidth="613" frameHeight="1020"/>
	<SubTexture name="missup0003" x="7345" y="6482" width="580" height="1007" frameX="-17" frameY="0" frameWidth="613" frameHeight="1020"/>
	<SubTexture name="missup0004" x="7345" y="6482" width="580" height="1007" frameX="-17" frameY="0" frameWidth="613" frameHeight="1020"/>
	<SubTexture name="missup0005" x="7345" y="6482" width="580" height="1007" frameX="-17" frameY="0" frameWidth="613" frameHeight="1020"/>
	<SubTexture name="missup0006" x="7345" y="6482" width="580" height="1007" frameX="-17" frameY="0" frameWidth="613" frameHeight="1020"/>
	<SubTexture name="missup0007" x="7345" y="6482" width="580" height="1007" frameX="-17" frameY="0" frameWidth="613" frameHeight="1020"/>
	<SubTexture name="revival0000" x="14" y="7532" width="675" height="400"/>
	<SubTexture name="revival0001" x="692" y="7532" width="674" height="400" frameX="0" frameY="0" frameWidth="675" frameHeight="400"/>
	<SubTexture name="revival0002" x="1369" y="7532" width="669" height="400" frameX="0" frameY="0" frameWidth="675" frameHeight="400"/>
	<SubTexture name="revival0003" x="2041" y="7532" width="664" height="400" frameX="0" frameY="0" frameWidth="675" frameHeight="400"/>
	<SubTexture name="revival0004" x="2708" y="7532" width="655" height="400" frameX="0" frameY="0" frameWidth="675" frameHeight="400"/>
	<SubTexture name="revival0005" x="3366" y="7532" width="645" height="400" frameX="0" frameY="0" frameWidth="675" frameHeight="400"/>
	<SubTexture name="revival0006" x="4014" y="7532" width="632" height="400" frameX="0" frameY="0" frameWidth="675" frameHeight="400"/>
	<SubTexture name="revival0007" x="4649" y="7532" width="617" height="400" frameX="0" frameY="0" frameWidth="675" frameHeight="400"/>
	<SubTexture name="revival0008" x="5269" y="7532" width="599" height="400" frameX="0" frameY="0" frameWidth="675" frameHeight="400"/>
	<SubTexture name="revival0009" x="5871" y="7532" width="592" height="400" frameX="0" frameY="0" frameWidth="675" frameHeight="400"/>
	<SubTexture name="revival0010" x="5871" y="7532" width="592" height="400" frameX="0" frameY="0" frameWidth="675" frameHeight="400"/>
	<SubTexture name="revival0011" x="5871" y="7532" width="592" height="400" frameX="0" frameY="0" frameWidth="675" frameHeight="400"/>
	<SubTexture name="revival0012" x="5871" y="7532" width="592" height="400" frameX="0" frameY="0" frameWidth="675" frameHeight="400"/>
	<SubTexture name="revival0013" x="5871" y="7532" width="592" height="400" frameX="0" frameY="0" frameWidth="675" frameHeight="400"/>
	<SubTexture name="revival0014" x="5871" y="7532" width="592" height="400" frameX="0" frameY="0" frameWidth="675" frameHeight="400"/>
	<SubTexture name="revival0015" x="5871" y="7532" width="592" height="400" frameX="0" frameY="0" frameWidth="675" frameHeight="400"/>
	<SubTexture name="revival0016" x="5871" y="7532" width="592" height="400" frameX="0" frameY="0" frameWidth="675" frameHeight="400"/>
	<SubTexture name="revival0017" x="5871" y="7532" width="592" height="400" frameX="0" frameY="0" frameWidth="675" frameHeight="400"/>
	<SubTexture name="revival0018" x="5871" y="7532" width="592" height="400" frameX="0" frameY="0" frameWidth="675" frameHeight="400"/>
	<SubTexture name="revival0019" x="5871" y="7532" width="592" height="400" frameX="0" frameY="0" frameWidth="675" frameHeight="400"/>
	<SubTexture name="revival0020" x="5871" y="7532" width="592" height="400" frameX="0" frameY="0" frameWidth="675" frameHeight="400"/>
	<SubTexture name="revival0021" x="5871" y="7532" width="592" height="400" frameX="0" frameY="0" frameWidth="675" frameHeight="400"/>
	<SubTexture name="revival0022" x="5871" y="7532" width="592" height="400" frameX="0" frameY="0" frameWidth="675" frameHeight="400"/>
	<SubTexture name="revival0023" x="5871" y="7532" width="592" height="400" frameX="0" frameY="0" frameWidth="675" frameHeight="400"/>
	<SubTexture name="revival0024" x="5871" y="7532" width="592" height="400" frameX="0" frameY="0" frameWidth="675" frameHeight="400"/>
</TextureAtlas>
