﻿<?xml version="1.0" encoding="utf-8"?>
<TextureAtlas imagePath="x.png">
	<!-- Created with Adobe Animate version 21.0.7.42652 -->
	<!-- http://www.adobe.com/products/animate.html -->
	<SubTexture name="x move up0000" x="14" y="14" width="853" height="1022" frameX="-11" frameY="0" frameWidth="864" frameHeight="1022"/>
	<SubTexture name="x move up0001" x="14" y="14" width="853" height="1022" frameX="-11" frameY="0" frameWidth="864" frameHeight="1022"/>
	<SubTexture name="x move up0002" x="870" y="14" width="854" height="1010" frameX="-2" frameY="-11" frameWidth="864" frameHeight="1022"/>
	<SubTexture name="x move up0003" x="870" y="14" width="854" height="1010" frameX="-2" frameY="-11" frameWidth="864" frameHeight="1022"/>
	<SubTexture name="x move up0004" x="1727" y="14" width="857" height="1006" frameX="0" frameY="-15" frameWidth="864" frameHeight="1022"/>
	<SubTexture name="x move up0005" x="1727" y="14" width="857" height="1006" frameX="0" frameY="-15" frameWidth="864" frameHeight="1022"/>
	<SubTexture name="x move up0006" x="2587" y="14" width="857" height="1009" frameX="-2" frameY="-12" frameWidth="864" frameHeight="1022"/>
	<SubTexture name="x move up0007" x="2587" y="14" width="857" height="1009" frameX="-2" frameY="-12" frameWidth="864" frameHeight="1022"/>
	<SubTexture name="x move up0008" x="2587" y="14" width="857" height="1009" frameX="-2" frameY="-12" frameWidth="864" frameHeight="1022"/>
	<SubTexture name="x move up0009" x="2587" y="14" width="857" height="1009" frameX="-2" frameY="-12" frameWidth="864" frameHeight="1022"/>
	<SubTexture name="x move up0010" x="2587" y="14" width="857" height="1009" frameX="-2" frameY="-12" frameWidth="864" frameHeight="1022"/>
	<SubTexture name="x move up0011" x="2587" y="14" width="857" height="1009" frameX="-2" frameY="-12" frameWidth="864" frameHeight="1022"/>
	<SubTexture name="x move up0012" x="2587" y="14" width="857" height="1009" frameX="-2" frameY="-12" frameWidth="864" frameHeight="1022"/>
	<SubTexture name="x move up0013" x="2587" y="14" width="857" height="1009" frameX="-2" frameY="-12" frameWidth="864" frameHeight="1022"/>
	<SubTexture name="x move up0014" x="2587" y="14" width="857" height="1009" frameX="-2" frameY="-12" frameWidth="864" frameHeight="1022"/>
	<SubTexture name="x move up0015" x="2587" y="14" width="857" height="1009" frameX="-2" frameY="-12" frameWidth="864" frameHeight="1022"/>
	<SubTexture name="x move up0016" x="2587" y="14" width="857" height="1009" frameX="-2" frameY="-12" frameWidth="864" frameHeight="1022"/>
	<SubTexture name="x move up0017" x="2587" y="14" width="857" height="1009" frameX="-2" frameY="-12" frameWidth="864" frameHeight="1022"/>
	<SubTexture name="x move up0018" x="2587" y="14" width="857" height="1009" frameX="-2" frameY="-12" frameWidth="864" frameHeight="1022"/>
	<SubTexture name="x move up0019" x="2587" y="14" width="857" height="1009" frameX="-2" frameY="-12" frameWidth="864" frameHeight="1022"/>
	<SubTexture name="x move up0020" x="2587" y="14" width="857" height="1009" frameX="-2" frameY="-12" frameWidth="864" frameHeight="1022"/>
	<SubTexture name="x move up0021" x="2587" y="14" width="857" height="1009" frameX="-2" frameY="-12" frameWidth="864" frameHeight="1022"/>
	<SubTexture name="x move up0022" x="2587" y="14" width="857" height="1009" frameX="-2" frameY="-12" frameWidth="864" frameHeight="1022"/>
	<SubTexture name="x move up0023" x="2587" y="14" width="857" height="1009" frameX="-2" frameY="-12" frameWidth="864" frameHeight="1022"/>
	<SubTexture name="x move up0024" x="2587" y="14" width="857" height="1009" frameX="-2" frameY="-12" frameWidth="864" frameHeight="1022"/>
	<SubTexture name="x move up0025" x="2587" y="14" width="857" height="1009" frameX="-2" frameY="-12" frameWidth="864" frameHeight="1022"/>
	<SubTexture name="x move up0026" x="2587" y="14" width="857" height="1009" frameX="-2" frameY="-12" frameWidth="864" frameHeight="1022"/>
	<SubTexture name="x move up0027" x="2587" y="14" width="857" height="1009" frameX="-2" frameY="-12" frameWidth="864" frameHeight="1022"/>
	<SubTexture name="x move up0028" x="2587" y="14" width="857" height="1009" frameX="-2" frameY="-12" frameWidth="864" frameHeight="1022"/>
	<SubTexture name="x move up0029" x="2587" y="14" width="857" height="1009" frameX="-2" frameY="-12" frameWidth="864" frameHeight="1022"/>
	<SubTexture name="xdown0000" x="3447" y="14" width="942" height="888" frameX="-6" frameY="-46" frameWidth="948" frameHeight="936"/>
	<SubTexture name="xdown0001" x="3447" y="14" width="942" height="888" frameX="-6" frameY="-46" frameWidth="948" frameHeight="936"/>
	<SubTexture name="xdown0002" x="4392" y="14" width="916" height="928" frameX="-15" frameY="-7" frameWidth="948" frameHeight="936"/>
	<SubTexture name="xdown0003" x="4392" y="14" width="916" height="928" frameX="-15" frameY="-7" frameWidth="948" frameHeight="936"/>
	<SubTexture name="xdown0004" x="5311" y="14" width="924" height="935" frameX="-7" frameY="-1" frameWidth="948" frameHeight="936"/>
	<SubTexture name="xdown0005" x="5311" y="14" width="924" height="935" frameX="-7" frameY="-1" frameWidth="948" frameHeight="936"/>
	<SubTexture name="xdown0006" x="6238" y="14" width="931" height="936" frameX="0" frameY="0" frameWidth="948" frameHeight="936"/>
	<SubTexture name="xdown0007" x="6238" y="14" width="931" height="936" frameX="0" frameY="0" frameWidth="948" frameHeight="936"/>
	<SubTexture name="xidle0000" x="7172" y="14" width="872" height="1008" frameX="-10" frameY="0" frameWidth="907" frameHeight="1008"/>
	<SubTexture name="xidle0001" x="14" y="1039" width="864" height="999" frameX="-1" frameY="-9" frameWidth="907" frameHeight="1008"/>
	<SubTexture name="xidle0002" x="14" y="1039" width="864" height="999" frameX="-1" frameY="-9" frameWidth="907" frameHeight="1008"/>
	<SubTexture name="xidle0003" x="881" y="1039" width="863" height="998" frameX="0" frameY="-10" frameWidth="907" frameHeight="1008"/>
	<SubTexture name="xidle0004" x="881" y="1039" width="863" height="998" frameX="0" frameY="-10" frameWidth="907" frameHeight="1008"/>
	<SubTexture name="xidle0005" x="1747" y="1039" width="859" height="1006" frameX="-5" frameY="-2" frameWidth="907" frameHeight="1008"/>
	<SubTexture name="xidle0006" x="1747" y="1039" width="859" height="1006" frameX="-5" frameY="-2" frameWidth="907" frameHeight="1008"/>
	<SubTexture name="xidle0007" x="2609" y="1039" width="853" height="1003" frameX="-15" frameY="-5" frameWidth="907" frameHeight="1008"/>
	<SubTexture name="xidle0008" x="2609" y="1039" width="853" height="1003" frameX="-15" frameY="-5" frameWidth="907" frameHeight="1008"/>
	<SubTexture name="xidle0009" x="3465" y="1039" width="866" height="1005" frameX="-17" frameY="-3" frameWidth="907" frameHeight="1008"/>
	<SubTexture name="xidle0010" x="3465" y="1039" width="866" height="1005" frameX="-17" frameY="-3" frameWidth="907" frameHeight="1008"/>
	<SubTexture name="xidle0011" x="4334" y="1039" width="865" height="1003" frameX="-20" frameY="-5" frameWidth="907" frameHeight="1008"/>
	<SubTexture name="xidle0012" x="4334" y="1039" width="865" height="1003" frameX="-20" frameY="-5" frameWidth="907" frameHeight="1008"/>
	<SubTexture name="xidle0013" x="4334" y="1039" width="865" height="1003" frameX="-20" frameY="-5" frameWidth="907" frameHeight="1008"/>
	<SubTexture name="xidle0014" x="4334" y="1039" width="865" height="1003" frameX="-20" frameY="-5" frameWidth="907" frameHeight="1008"/>
	<SubTexture name="xidle0015" x="5202" y="1039" width="864" height="1000" frameX="-20" frameY="-8" frameWidth="907" frameHeight="1008"/>
	<SubTexture name="xidle0016" x="6069" y="1039" width="885" height="988" frameX="-18" frameY="-20" frameWidth="907" frameHeight="1008"/>
	<SubTexture name="xidle0017" x="6069" y="1039" width="885" height="988" frameX="-18" frameY="-20" frameWidth="907" frameHeight="1008"/>
	<SubTexture name="xidle0018" x="6957" y="1039" width="890" height="986" frameX="-17" frameY="-22" frameWidth="907" frameHeight="1008"/>
	<SubTexture name="xidle0019" x="6957" y="1039" width="890" height="986" frameX="-17" frameY="-22" frameWidth="907" frameHeight="1008"/>
	<SubTexture name="xidle0020" x="14" y="2048" width="886" height="994" frameX="-20" frameY="-14" frameWidth="907" frameHeight="1008"/>
	<SubTexture name="xidle0021" x="14" y="2048" width="886" height="994" frameX="-20" frameY="-14" frameWidth="907" frameHeight="1008"/>
	<SubTexture name="xidle0022" x="903" y="2048" width="883" height="997" frameX="-18" frameY="-11" frameWidth="907" frameHeight="1008"/>
	<SubTexture name="xidle0023" x="903" y="2048" width="883" height="997" frameX="-18" frameY="-11" frameWidth="907" frameHeight="1008"/>
	<SubTexture name="xidle0024" x="1789" y="2048" width="881" height="1000" frameX="-14" frameY="-8" frameWidth="907" frameHeight="1008"/>
	<SubTexture name="xidle0025" x="1789" y="2048" width="881" height="1000" frameX="-14" frameY="-8" frameWidth="907" frameHeight="1008"/>
	<SubTexture name="xidle0026" x="2673" y="2048" width="882" height="1001" frameX="-12" frameY="-7" frameWidth="907" frameHeight="1008"/>
	<SubTexture name="xidle0027" x="3558" y="2048" width="880" height="1001" frameX="-12" frameY="-7" frameWidth="907" frameHeight="1008"/>
	<SubTexture name="xidle0028" x="3558" y="2048" width="880" height="1001" frameX="-12" frameY="-7" frameWidth="907" frameHeight="1008"/>
	<SubTexture name="xidle0029" x="3558" y="2048" width="880" height="1001" frameX="-12" frameY="-7" frameWidth="907" frameHeight="1008"/>
	<SubTexture name="xleft0000" x="4441" y="2048" width="771" height="983" frameX="0" frameY="-10" frameWidth="773" frameHeight="993"/>
	<SubTexture name="xleft0001" x="4441" y="2048" width="771" height="983" frameX="0" frameY="-10" frameWidth="773" frameHeight="993"/>
	<SubTexture name="xleft0002" x="5215" y="2048" width="771" height="992" frameX="-1" frameY="-1" frameWidth="773" frameHeight="993"/>
	<SubTexture name="xleft0003" x="5215" y="2048" width="771" height="992" frameX="-1" frameY="-1" frameWidth="773" frameHeight="993"/>
	<SubTexture name="xleft0004" x="5989" y="2048" width="771" height="993" frameX="-2" frameY="0" frameWidth="773" frameHeight="993"/>
	<SubTexture name="xleft0005" x="5989" y="2048" width="771" height="993" frameX="-2" frameY="0" frameWidth="773" frameHeight="993"/>
	<SubTexture name="xleft0006" x="6763" y="2048" width="771" height="992" frameX="-2" frameY="-1" frameWidth="773" frameHeight="993"/>
	<SubTexture name="xleft0007" x="6763" y="2048" width="771" height="992" frameX="-2" frameY="-1" frameWidth="773" frameHeight="993"/>
	<SubTexture name="xright0000" x="14" y="3052" width="904" height="1004" frameX="-4" frameY="0" frameWidth="908" frameHeight="1004"/>
	<SubTexture name="xright0001" x="14" y="3052" width="904" height="1004" frameX="-4" frameY="0" frameWidth="908" frameHeight="1004"/>
	<SubTexture name="xright0002" x="921" y="3052" width="879" height="992" frameX="-2" frameY="-12" frameWidth="908" frameHeight="1004"/>
	<SubTexture name="xright0003" x="921" y="3052" width="879" height="992" frameX="-2" frameY="-12" frameWidth="908" frameHeight="1004"/>
	<SubTexture name="xright0004" x="1803" y="3052" width="872" height="986" frameX="0" frameY="-18" frameWidth="908" frameHeight="1004"/>
	<SubTexture name="xright0005" x="1803" y="3052" width="872" height="986" frameX="0" frameY="-18" frameWidth="908" frameHeight="1004"/>
	<SubTexture name="xright0006" x="2678" y="3052" width="869" height="982" frameX="0" frameY="-22" frameWidth="908" frameHeight="1004"/>
	<SubTexture name="xright0007" x="2678" y="3052" width="869" height="982" frameX="0" frameY="-22" frameWidth="908" frameHeight="1004"/>
	<SubTexture name="xup0000" x="3550" y="3052" width="795" height="1029" frameX="-1" frameY="0" frameWidth="796" frameHeight="1029"/>
	<SubTexture name="xup0001" x="3550" y="3052" width="795" height="1029" frameX="-1" frameY="0" frameWidth="796" frameHeight="1029"/>
	<SubTexture name="xup0002" x="4348" y="3052" width="789" height="1006" frameX="-1" frameY="-23" frameWidth="796" frameHeight="1029"/>
	<SubTexture name="xup0003" x="4348" y="3052" width="789" height="1006" frameX="-1" frameY="-23" frameWidth="796" frameHeight="1029"/>
	<SubTexture name="xup0004" x="5140" y="3052" width="788" height="1000" frameX="-1" frameY="-29" frameWidth="796" frameHeight="1029"/>
	<SubTexture name="xup0005" x="5140" y="3052" width="788" height="1000" frameX="-1" frameY="-29" frameWidth="796" frameHeight="1029"/>
	<SubTexture name="xup0006" x="5931" y="3052" width="786" height="998" frameX="0" frameY="-31" frameWidth="796" frameHeight="1029"/>
	<SubTexture name="xup0007" x="5931" y="3052" width="786" height="998" frameX="0" frameY="-31" frameWidth="796" frameHeight="1029"/>
</TextureAtlas>
