{
	"animations": [
		{
			"offsets": [
				-51,
				-41
			],
			"loop": false,
			"fps": 24,
			"anim": "singUP",
			"indices": [],
			"name": "majinup"
		},
		{
			"offsets": [
				-12,
				-31
			],
			"loop": false,
			"fps": 24,
			"anim": "singDOWN",
			"indices": [],
			"name": "majin down"
		},
		{
			"offsets": [
				228,
				-16
			],
			"loop": false,
			"fps": 24,
			"anim": "singLEFT",
			"indices": [],
			"name": "majinleft"
		},
		{
			"offsets": [
				223,
				-163
			],
			"loop": false,
			"fps": 24,
			"anim": "singRIGHT",
			"indices": [],
			"name": "majinright"
		},
		{
			"loop": false,
			"offsets": [
				0,
				0
			],
			"anim": "danceLeft",
			"fps": 24,
			"name": "majin idle",
			"indices": [
				1,
				2,
				3,
				4,
				5,
				6,
				7,
				8,
				9,
				10,
				11,
				12,
				13,
				14,
				15
			]
		},
		{
			"loop": false,
			"offsets": [
				0,
				0
			],
			"anim": "danceRight",
			"fps": 24,
			"name": "majin idle",
			"indices": [
				16,
				17,
				18,
				19,
				20,
				21,
				22,
				23,
				24,
				25,
				26,
				27,
				28,
				29,
				30
			]
		},
		{
			"loop": false,
			"offsets": [
				-50,
				20
			],
			"anim": "singUPmiss",
			"fps": 24,
			"name": "missup",
			"indices": []
		},
		{
			"loop": false,
			"offsets": [
				-28,
				-29
			],
			"anim": "singDOWNmiss",
			"fps": 24,
			"name": "missdown",
			"indices": []
		},
		{
			"loop": false,
			"offsets": [
				170,
				-20
			],
			"anim": "singLEFTmiss",
			"fps": 24,
			"name": "missleft",
			"indices": []
		},
		{
			"loop": false,
			"offsets": [
				201,
				-168
			],
			"anim": "singRIGHTmiss",
			"fps": 24,
			"name": "missright",
			"indices": []
		},
		{
			"offsets": [
				190,
				120
			],
			"loop": false,
			"fps": 24,
			"anim": "firstDeath",
			"indices": [],
			"name": "death"
		},
		{
			"offsets": [
				100,
				-436
			],
			"loop": false,
			"fps": 24,
			"anim": "deathConfirm",
			"indices": [],
			"name": "revival"
		},
		{
			"loop": true,
			"offsets": [
				75,
				-436
			],
			"anim": "deathLoop",
			"fps": 24,
			"name": "loop",
			"indices": []
		}
	],
	"no_antialiasing": false,
	"image": "characters/majin",
	"position": [
		-220,
		-90
	],
	"healthicon": "majin",
	"flip_x": true,
	"healthbar_colors": [
		35,
		0,
		126
	],
	"camera_position": [
		140,
		-30
	],
	"sing_duration": 6.1,
	"scale": 1
}