{
	"animations": [
		{
			"loop": false,
			"offsets": [
				0,
				0
			],
			"anim": "danceLeft",
			"fps": 24,
			"name": "xidle",
			"indices": [
				1,
				2,
				3,
				4,
				5,
				6,
				7,
				8,
				9,
				10,
				11,
				12,
				13,
				14,
				15
			]
		},
		{
			"loop": false,
			"offsets": [
				0,
				0
			],
			"anim": "danceRight",
			"fps": 24,
			"name": "xidle",
			"indices": [
				16,
				17,
				18,
				19,
				20,
				21,
				22,
				23,
				24,
				25,
				26,
				27,
				28,
				29,
				30
			]
		},
		{
			"offsets": [
				0,
				0
			],
			"loop": false,
			"fps": 24,
			"anim": "singRIGHT-alt",
			"indices": [
				20,
				21,
				22,
				23,
				24,
				25,
				26,
				27,
				28,
				29,
				30
			],
			"name": "xidle"
		},
		{
			"offsets": [
				0,
				0
			],
			"loop": false,
			"fps": 24,
			"anim": "singDOWN-alt",
			"indices": [
				1,
				2,
				3,
				4,
				5,
				6,
				7,
				8,
				9,
				10,
				11,
				12,
				13,
				14,
				15
			],
			"name": "xidle"
		},
		{
			"offsets": [
				0,
				0
			],
			"loop": false,
			"fps": 24,
			"anim": "singUP-alt",
			"indices": [],
			"name": "x move up"
		},
		{
			"offsets": [
				0,
				0
			],
			"loop": false,
			"fps": 24,
			"anim": "singLEFT-alt",
			"indices": [
				6,
				7,
				8,
				9,
				10,
				11,
				12,
				13,
				14,
				15
			],
			"name": "xidle"
		},
		{
			"offsets": [
				-93,
				-16
			],
			"indices": [
				1,
				1,
				2,
				3,
				4,
				5,
				6
			],
			"fps": 24,
			"anim": "singLEFT",
			"loop": false,
			"name": "xleft"
		},
		{
			"offsets": [
				-144,
				28
			],
			"indices": [
				1,
				1,
				2,
				3,
				4,
				5,
				6
			],
			"fps": 24,
			"anim": "singUP",
			"loop": false,
			"name": "xup"
		},
		{
			"offsets": [
				-57,
				-3
			],
			"indices": [
				1,
				1,
				2,
				3,
				4,
				5,
				6
			],
			"fps": 24,
			"anim": "singRIGHT",
			"loop": false,
			"name": "xright"
		},
		{
			"offsets": [
				0,
				-61
			],
			"indices": [
				1,
				1,
				2,
				3,
				4,
				5,
				6
			],
			"fps": 24,
			"anim": "singDOWN",
			"loop": false,
			"name": "xdown"
		}
	],
	"no_antialiasing": false,
	"image": "characters/x",
	"position": [
		30,
		-140
	],
	"healthicon": "lord",
	"flip_x": false,
	"healthbar_colors": [
		55,
		62,
		86
	],
	"camera_position": [
		-230,
		110
	],
	"sing_duration": 3.3,
	"scale": 1
}