{
	"song": {
		"player1": "majin",
		"gfVersion": "gf",
		"notes": [
			{
				"sectionNotes": [],
				"typeOfSection": 0,
				"lengthInSteps": 16,
				"gfSection": false,
				"altAnim": false,
				"mustHitSection": false,
				"changeBPM": false,
				"bpm": 150
			},
			{
				"sectionNotes": [],
				"typeOfSection": 0,
				"lengthInSteps": 16,
				"gfSection": false,
				"altAnim": false,
				"mustHitSection": true,
				"changeBPM": false,
				"bpm": 150
			},
			{
				"sectionNotes": [
					[
						6170.88607594937,
						2,
						0
					],
					[
						6360.75949367089,
						3,
						0
					],
					[
						6550.6329113924,
						1,
						0
					],
					[
						6645.56962025316,
						0,
						0
					],
					[
						6740.50632911392,
						1,
						0
					],
					[
						6930.37974683544,
						2,
						0
					],
					[
						7120.25316455696,
						3,
						0
					],
					[
						7215.18987341772,
						2,
						0
					],
					[
						7405.06329113924,
						0,
						0
					],
					[
						7500,
						1,
						0
					],
					[
						7689.87341772152,
						1,
						0
					],
					[
						7879.74683544304,
						3,
						0
					],
					[
						8069.62025316456,
						0,
						0
					],
					[
						8259.49367088608,
						1,
						0
					],
					[
						8449.3670886076,
						0,
						0
					],
					[
						8639.24050632912,
						1,
						0
					],
					[
						8924.05063291139,
						0,
						0
					],
					[
						8734.17721518987,
						3,
						0
					],
					[
						9018.98734177215,
						1,
						0
					]
				],
				"typeOfSection": 0,
				"lengthInSteps": 16,
				"gfSection": false,
				"altAnim": false,
				"mustHitSection": false,
				"changeBPM": false,
				"bpm": 150
			},
			{
				"sectionNotes": [
					[
						9208.86075949367,
						2,
						0
					],
					[
						9398.73417721519,
						3,
						0
					],
					[
						9588.60759493671,
						1,
						0
					],
					[
						9683.54430379747,
						0,
						0
					],
					[
						9778.48101265823,
						1,
						0
					],
					[
						9968.35443037975,
						2,
						0
					],
					[
						10158.2278481013,
						3,
						0
					],
					[
						10253.164556962,
						2,
						0
					],
					[
						10443.0379746835,
						0,
						0
					],
					[
						10537.9746835443,
						1,
						0
					],
					[
						10727.8481012658,
						1,
						0
					],
					[
						10917.7215189873,
						3,
						0
					],
					[
						11107.5949367089,
						0,
						0
					],
					[
						11297.4683544304,
						1,
						0
					],
					[
						11487.3417721519,
						0,
						0
					],
					[
						11677.2151898734,
						1,
						0
					],
					[
						11962.0253164557,
						0,
						0
					],
					[
						11772.1518987342,
						3,
						0
					],
					[
						12056.9620253165,
						1,
						0
					]
				],
				"typeOfSection": 0,
				"lengthInSteps": 16,
				"gfSection": false,
				"altAnim": false,
				"mustHitSection": true,
				"changeBPM": false,
				"bpm": 150
			},
			{
				"sectionNotes": [
					[
						12246.835443038,
						2,
						189.873417721519
					],
					[
						12626.582278481,
						1,
						0
					],
					[
						12816.4556962025,
						0,
						0
					],
					[
						13006.3291139241,
						2,
						0
					],
					[
						13101.2658227848,
						3,
						0
					],
					[
						13291.1392405063,
						2,
						0
					],
					[
						13481.0126582278,
						1,
						0
					],
					[
						13575.9493670886,
						0,
						0
					],
					[
						13765.8227848101,
						3,
						0
					],
					[
						13955.6962025316,
						3,
						0
					],
					[
						14145.5696202532,
						2,
						0
					],
					[
						14335.4430379747,
						1,
						0
					],
					[
						14525.3164556962,
						2,
						0
					],
					[
						14715.1898734177,
						3,
						0
					],
					[
						14810.1265822785,
						1,
						0
					],
					[
						15000,
						2,
						0
					],
					[
						15094.9367088608,
						0,
						0
					]
				],
				"typeOfSection": 0,
				"lengthInSteps": 16,
				"gfSection": false,
				"altAnim": false,
				"mustHitSection": false,
				"changeBPM": false,
				"bpm": 79
			},
			{
				"sectionNotes": [
					[
						15284.8101265823,
						2,
						189.873417721519
					],
					[
						15664.5569620253,
						1,
						0
					],
					[
						15854.4303797468,
						0,
						0
					],
					[
						16044.3037974684,
						2,
						0
					],
					[
						16139.2405063291,
						3,
						0
					],
					[
						16329.1139240506,
						2,
						0
					],
					[
						16518.9873417722,
						1,
						0
					],
					[
						16613.9240506329,
						0,
						0
					],
					[
						16803.7974683544,
						3,
						0
					],
					[
						16993.6708860759,
						3,
						0
					],
					[
						17183.5443037975,
						2,
						0
					],
					[
						17373.417721519,
						1,
						0
					],
					[
						17563.2911392405,
						2,
						0
					],
					[
						17753.164556962,
						3,
						0
					],
					[
						17848.1012658228,
						1,
						0
					],
					[
						18037.9746835443,
						2,
						0
					],
					[
						18132.9113924051,
						0,
						0
					]
				],
				"typeOfSection": 0,
				"lengthInSteps": 16,
				"gfSection": false,
				"altAnim": false,
				"mustHitSection": true,
				"changeBPM": false,
				"bpm": 79
			},
			{
				"sectionNotes": [
					[
						18892.4050632911,
						2,
						0
					],
					[
						19082.2784810127,
						3,
						0
					],
					[
						19272.1518987342,
						2,
						0
					],
					[
						18322.7848101266,
						1,
						379.746835443038
					],
					[
						19556.9620253165,
						1,
						0
					],
					[
						19604.4303797468,
						0,
						189.873417721519
					],
					[
						20031.6455696203,
						2,
						0
					],
					[
						20221.5189873418,
						3,
						0
					],
					[
						20411.3924050633,
						2,
						0
					],
					[
						20601.2658227848,
						1,
						0
					],
					[
						20791.1392405063,
						0,
						0
					],
					[
						20981.0126582278,
						1,
						0
					],
					[
						21170.8860759494,
						2,
						0
					]
				],
				"typeOfSection": 0,
				"lengthInSteps": 16,
				"gfSection": false,
				"altAnim": false,
				"mustHitSection": true,
				"changeBPM": false,
				"bpm": 79
			},
			{
				"sectionNotes": [
					[
						21740.5063291139,
						2,
						0
					],
					[
						21360.7594936709,
						3,
						189.873417721519
					],
					[
						21835.4430379747,
						1,
						0
					],
					[
						22310.1265822785,
						2,
						0
					],
					[
						22500,
						1,
						189.873417721519
					],
					[
						22879.746835443,
						0,
						189.873417721519
					],
					[
						21930.3797468354,
						3,
						0
					],
					[
						23924.0506329114,
						3,
						189.873417721519
					],
					[
						23544.3037974684,
						1,
						189.873417721519
					]
				],
				"typeOfSection": 0,
				"lengthInSteps": 16,
				"gfSection": false,
				"altAnim": false,
				"mustHitSection": true,
				"changeBPM": false,
				"bpm": 158
			},
			{
				"sectionNotes": [
					[
						24303.7974683544,
						2,
						379.746835443038
					],
					[
						24968.3544303797,
						1,
						0
					],
					[
						25158.2278481013,
						2,
						0
					],
					[
						25348.1012658228,
						3,
						0
					],
					[
						25632.9113924051,
						1,
						0
					],
					[
						25680.3797468354,
						0,
						189.873417721519
					],
					[
						26012.6582278481,
						2,
						0
					],
					[
						26107.5949367089,
						3,
						0
					],
					[
						26202.5316455696,
						2,
						379.746835443038
					],
					[
						26677.2151898734,
						1,
						0
					],
					[
						27056.9620253165,
						0,
						0
					],
					[
						27246.835443038,
						3,
						0
					]
				],
				"typeOfSection": 0,
				"lengthInSteps": 16,
				"gfSection": false,
				"altAnim": false,
				"mustHitSection": true,
				"changeBPM": false,
				"bpm": 158
			},
			{
				"sectionNotes": [
					[
						27436.7088607595,
						2,
						189.873417721519
					],
					[
						28196.2025316456,
						1,
						189.873417721519
					],
					[
						28575.9493670886,
						0,
						189.873417721519
					],
					[
						28955.6962025316,
						2,
						189.873417721519
					],
					[
						29715.1898734177,
						3,
						0
					],
					[
						29905.0632911392,
						1,
						0
					],
					[
						30094.9367088608,
						2,
						0
					],
					[
						30284.8101265823,
						0,
						0
					]
				],
				"typeOfSection": 0,
				"lengthInSteps": 16,
				"gfSection": false,
				"altAnim": false,
				"mustHitSection": true,
				"changeBPM": false,
				"bpm": 158
			},
			{
				"sectionNotes": [
					[
						31044.3037974684,
						2,
						0
					],
					[
						31234.1772151899,
						3,
						0
					],
					[
						31424.0506329114,
						2,
						0
					],
					[
						30474.6835443038,
						1,
						379.746835443038
					],
					[
						31708.8607594937,
						1,
						0
					],
					[
						31756.3291139241,
						0,
						189.873417721519
					],
					[
						32183.5443037975,
						2,
						0
					],
					[
						32373.417721519,
						3,
						0
					],
					[
						32563.2911392405,
						2,
						0
					],
					[
						32753.164556962,
						1,
						0
					],
					[
						32943.0379746835,
						0,
						0
					],
					[
						33132.9113924051,
						1,
						0
					],
					[
						33322.7848101266,
						2,
						0
					]
				],
				"typeOfSection": 0,
				"lengthInSteps": 16,
				"gfSection": false,
				"altAnim": false,
				"mustHitSection": false,
				"changeBPM": false,
				"bpm": 158
			},
			{
				"sectionNotes": [
					[
						33892.4050632911,
						2,
						0
					],
					[
						33512.6582278481,
						3,
						189.873417721519
					],
					[
						33987.3417721519,
						1,
						0
					],
					[
						34462.0253164557,
						2,
						0
					],
					[
						34651.8987341772,
						1,
						189.873417721519
					],
					[
						35031.6455696203,
						0,
						189.873417721519
					],
					[
						34082.2784810127,
						3,
						0
					],
					[
						36075.9493670886,
						3,
						189.873417721519
					],
					[
						35696.2025316456,
						1,
						189.873417721519
					]
				],
				"typeOfSection": 0,
				"lengthInSteps": 16,
				"gfSection": false,
				"altAnim": false,
				"mustHitSection": false,
				"changeBPM": false,
				"bpm": 158
			},
			{
				"sectionNotes": [
					[
						36455.6962025316,
						2,
						379.746835443038
					],
					[
						37120.253164557,
						1,
						0
					],
					[
						37310.1265822785,
						2,
						0
					],
					[
						37500,
						3,
						0
					],
					[
						37784.8101265823,
						1,
						0
					],
					[
						37832.2784810127,
						0,
						189.873417721519
					],
					[
						38164.5569620253,
						2,
						0
					],
					[
						38259.4936708861,
						3,
						0
					],
					[
						38354.4303797468,
						2,
						379.746835443038
					],
					[
						38829.1139240506,
						1,
						0
					],
					[
						39208.8607594937,
						0,
						0
					],
					[
						39398.7341772152,
						3,
						0
					]
				],
				"typeOfSection": 0,
				"lengthInSteps": 16,
				"gfSection": false,
				"altAnim": false,
				"mustHitSection": false,
				"changeBPM": false,
				"bpm": 158
			},
			{
				"sectionNotes": [
					[
						39588.6075949367,
						2,
						189.873417721519
					],
					[
						40348.1012658228,
						1,
						189.873417721519
					],
					[
						40727.8481012658,
						0,
						189.873417721519
					],
					[
						41107.5949367089,
						2,
						189.873417721519
					],
					[
						41867.0886075949,
						3,
						0
					],
					[
						42056.9620253165,
						1,
						0
					],
					[
						42246.835443038,
						2,
						0
					],
					[
						42436.7088607595,
						0,
						0
					]
				],
				"typeOfSection": 0,
				"lengthInSteps": 16,
				"gfSection": false,
				"altAnim": false,
				"mustHitSection": false,
				"changeBPM": false,
				"bpm": 158
			},
			{
				"sectionNotes": [
					[
						42626.582278481,
						0,
						569.620253164557
					],
					[
						43386.0759493671,
						1,
						189.873417721519
					],
					[
						43765.8227848101,
						2,
						189.873417721519
					],
					[
						44145.5696202532,
						0,
						379.746835443038
					],
					[
						44715.1898734177,
						3,
						0
					],
					[
						44905.0632911392,
						0,
						189.873417721519
					],
					[
						45284.8101265823,
						2,
						189.873417721519
					]
				],
				"typeOfSection": 0,
				"lengthInSteps": 16,
				"gfSection": false,
				"altAnim": false,
				"mustHitSection": false,
				"changeBPM": false,
				"bpm": 158
			},
			{
				"sectionNotes": [
					[
						45664.5569620253,
						1,
						379.746835443038
					],
					[
						46424.0506329114,
						3,
						189.873417721519
					],
					[
						46803.7974683544,
						2,
						189.873417721519
					],
					[
						47183.5443037975,
						0,
						379.746835443038
					],
					[
						47753.164556962,
						2,
						0
					],
					[
						47943.0379746836,
						3,
						189.873417721519
					],
					[
						48322.7848101266,
						1,
						189.873417721519
					]
				],
				"typeOfSection": 0,
				"lengthInSteps": 16,
				"gfSection": false,
				"altAnim": false,
				"mustHitSection": false,
				"changeBPM": false,
				"bpm": 158
			},
			{
				"sectionNotes": [
					[
						48702.5316455696,
						0,
						569.620253164557
					],
					[
						49462.0253164557,
						1,
						189.873417721519
					],
					[
						49841.7721518987,
						2,
						189.873417721519
					],
					[
						50221.5189873418,
						0,
						379.746835443038
					],
					[
						50791.1392405063,
						3,
						0
					],
					[
						50981.0126582279,
						0,
						189.873417721519
					],
					[
						51360.7594936709,
						2,
						189.873417721519
					]
				],
				"typeOfSection": 0,
				"lengthInSteps": 16,
				"gfSection": false,
				"altAnim": false,
				"mustHitSection": true,
				"changeBPM": false,
				"bpm": 158
			},
			{
				"sectionNotes": [
					[
						51740.5063291139,
						1,
						379.746835443038
					],
					[
						52500,
						3,
						189.873417721519
					],
					[
						52879.7468354431,
						2,
						189.873417721519
					],
					[
						53259.4936708861,
						0,
						379.746835443038
					],
					[
						53829.1139240506,
						2,
						0
					],
					[
						54018.9873417722,
						3,
						189.873417721519
					],
					[
						54398.7341772152,
						1,
						189.873417721519
					]
				],
				"typeOfSection": 0,
				"lengthInSteps": 16,
				"gfSection": false,
				"altAnim": false,
				"mustHitSection": true,
				"changeBPM": false,
				"bpm": 158
			},
			{
				"sectionNotes": [
					[
						54778.4810126583,
						1,
						0
					],
					[
						55348.1012658228,
						1,
						0
					],
					[
						55063.2911392405,
						0,
						0
					],
					[
						55537.9746835443,
						2,
						0
					],
					[
						55632.9113924051,
						3,
						0
					],
					[
						55727.8481012658,
						2,
						0
					],
					[
						56297.4683544304,
						3,
						0
					],
					[
						56867.088607595,
						3,
						0
					],
					[
						56107.5949367089,
						0,
						0
					],
					[
						55822.7848101266,
						3,
						0
					],
					[
						56582.2784810127,
						2,
						0
					],
					[
						57246.835443038,
						1,
						0
					],
					[
						57341.7721518988,
						0,
						0
					],
					[
						54778.4810126583,
						4,
						569.620253164557
					],
					[
						55917.7215189874,
						6,
						0
					],
					[
						56107.5949367089,
						5,
						0
					],
					[
						56297.4683544304,
						7,
						569.620253164557
					],
					[
						57436.7088607595,
						4,
						0
					],
					[
						57056.9620253165,
						5,
						189.873417721519
					],
					[
						57626.582278481,
						5,
						0
					],
					[
						57056.9620253165,
						2,
						0
					],
					[
						57436.7088607595,
						2,
						0
					],
					[
						57531.6455696203,
						3,
						0
					],
					[
						57626.582278481,
						1,
						0
					]
				],
				"typeOfSection": 0,
				"lengthInSteps": 16,
				"gfSection": false,
				"altAnim": false,
				"mustHitSection": true,
				"changeBPM": false,
				"bpm": 158
			},
			{
				"sectionNotes": [
					[
						57816.4556962026,
						2,
						0
					],
					[
						58101.2658227848,
						3,
						0
					],
					[
						58386.0759493671,
						2,
						0
					],
					[
						58575.9493670886,
						1,
						0
					],
					[
						58670.8860759494,
						0,
						0
					],
					[
						59145.5696202532,
						3,
						0
					],
					[
						59335.4430379747,
						0,
						0
					],
					[
						59620.253164557,
						1,
						0
					],
					[
						59905.0632911393,
						0,
						0
					],
					[
						60094.9367088608,
						2,
						0
					],
					[
						60284.8101265823,
						2,
						0
					],
					[
						60379.7468354431,
						3,
						0
					],
					[
						60474.6835443038,
						2,
						0
					],
					[
						60569.6202531646,
						1,
						0
					],
					[
						60664.5569620253,
						0,
						0
					],
					[
						57816.4556962026,
						6,
						379.746835443038
					],
					[
						58860.7594936709,
						7,
						0
					],
					[
						59050.6329113924,
						5,
						0
					],
					[
						59240.506329114,
						4,
						379.746835443038
					],
					[
						60094.9367088608,
						5,
						379.746835443038
					],
					[
						58765.8227848102,
						3,
						0
					],
					[
						58860.7594936709,
						2,
						0
					],
					[
						58955.6962025317,
						0,
						0
					]
				],
				"typeOfSection": 0,
				"lengthInSteps": 16,
				"gfSection": false,
				"altAnim": false,
				"mustHitSection": true,
				"changeBPM": false,
				"bpm": 158
			},
			{
				"sectionNotes": [
					[
						60854.4303797469,
						1,
						0
					],
					[
						61424.0506329114,
						1,
						0
					],
					[
						61139.2405063291,
						0,
						0
					],
					[
						61613.9240506329,
						2,
						0
					],
					[
						61708.8607594937,
						3,
						0
					],
					[
						61803.7974683545,
						2,
						0
					],
					[
						62373.417721519,
						3,
						0
					],
					[
						62943.0379746836,
						3,
						0
					],
					[
						62183.5443037975,
						0,
						0
					],
					[
						61898.7341772152,
						3,
						0
					],
					[
						62658.2278481013,
						2,
						0
					],
					[
						63132.9113924051,
						1,
						0
					],
					[
						63322.7848101266,
						1,
						0
					],
					[
						63417.7215189874,
						0,
						0
					],
					[
						63512.6582278481,
						1,
						0
					],
					[
						63607.5949367089,
						2,
						0
					],
					[
						63702.5316455696,
						3,
						0
					],
					[
						60854.4303797469,
						1,
						0
					],
					[
						61424.0506329114,
						1,
						0
					],
					[
						61139.2405063291,
						0,
						0
					],
					[
						61613.9240506329,
						2,
						0
					],
					[
						61708.8607594937,
						3,
						0
					],
					[
						61803.7974683545,
						2,
						0
					],
					[
						62373.417721519,
						3,
						0
					],
					[
						62943.0379746836,
						3,
						0
					],
					[
						62183.5443037975,
						0,
						0
					],
					[
						61898.7341772152,
						3,
						0
					],
					[
						62658.2278481013,
						2,
						0
					],
					[
						63132.9113924051,
						1,
						0
					],
					[
						63322.7848101266,
						1,
						0
					],
					[
						63417.7215189874,
						0,
						0
					],
					[
						63512.6582278481,
						1,
						0
					],
					[
						63607.5949367089,
						2,
						0
					],
					[
						63702.5316455696,
						3,
						0
					],
					[
						60854.4303797469,
						4,
						569.620253164557
					],
					[
						61993.670886076,
						6,
						0
					],
					[
						62183.5443037975,
						5,
						0
					],
					[
						62373.417721519,
						7,
						569.620253164557
					],
					[
						63512.6582278481,
						4,
						0
					],
					[
						63132.9113924051,
						5,
						189.873417721519
					],
					[
						63702.5316455696,
						5,
						0
					]
				],
				"typeOfSection": 0,
				"lengthInSteps": 16,
				"gfSection": false,
				"altAnim": false,
				"mustHitSection": false,
				"changeBPM": false,
				"bpm": 158
			},
			{
				"sectionNotes": [
					[
						63892.4050632912,
						2,
						0
					],
					[
						64177.2151898734,
						3,
						0
					],
					[
						64462.0253164557,
						2,
						0
					],
					[
						64651.8987341772,
						1,
						0
					],
					[
						64746.835443038,
						0,
						0
					],
					[
						64841.7721518988,
						1,
						0
					],
					[
						64936.7088607595,
						0,
						0
					],
					[
						65221.5189873418,
						3,
						0
					],
					[
						65411.3924050633,
						0,
						0
					],
					[
						65696.2025316456,
						1,
						0
					],
					[
						65981.0126582279,
						0,
						0
					],
					[
						66170.8860759494,
						2,
						0
					],
					[
						66360.7594936709,
						2,
						0
					],
					[
						66455.6962025317,
						3,
						0
					],
					[
						66550.6329113924,
						2,
						0
					],
					[
						66645.5696202532,
						1,
						0
					],
					[
						66740.506329114,
						0,
						0
					],
					[
						65031.6455696203,
						2,
						0
					],
					[
						63892.4050632912,
						2,
						0
					],
					[
						64177.2151898734,
						3,
						0
					],
					[
						64462.0253164557,
						2,
						0
					],
					[
						64651.8987341772,
						1,
						0
					],
					[
						64746.835443038,
						0,
						0
					],
					[
						64841.7721518988,
						1,
						0
					],
					[
						64936.7088607595,
						0,
						0
					],
					[
						65221.5189873418,
						3,
						0
					],
					[
						65411.3924050633,
						0,
						0
					],
					[
						65696.2025316456,
						1,
						0
					],
					[
						65981.0126582279,
						0,
						0
					],
					[
						66170.8860759494,
						2,
						0
					],
					[
						66360.7594936709,
						2,
						0
					],
					[
						66455.6962025317,
						3,
						0
					],
					[
						66550.6329113924,
						2,
						0
					],
					[
						66645.5696202532,
						1,
						0
					],
					[
						66740.506329114,
						0,
						0
					],
					[
						65031.6455696203,
						2,
						0
					],
					[
						63892.4050632912,
						6,
						379.746835443038
					],
					[
						64936.7088607595,
						7,
						0
					],
					[
						65126.582278481,
						5,
						0
					],
					[
						65316.4556962026,
						4,
						379.746835443038
					],
					[
						66170.8860759494,
						5,
						379.746835443038
					]
				],
				"typeOfSection": 0,
				"lengthInSteps": 16,
				"gfSection": false,
				"altAnim": false,
				"mustHitSection": false,
				"changeBPM": false,
				"bpm": 158
			},
			{
				"sectionNotes": [
					[
						66930.3797468355,
						6,
						0
					],
					[
						67120.253164557,
						7,
						0
					],
					[
						67310.1265822785,
						5,
						0
					],
					[
						67405.0632911393,
						4,
						0
					],
					[
						67500,
						5,
						0
					],
					[
						67689.8734177216,
						6,
						0
					],
					[
						67879.7468354431,
						7,
						0
					],
					[
						67974.6835443038,
						6,
						0
					],
					[
						68164.5569620254,
						4,
						0
					],
					[
						68259.4936708861,
						5,
						0
					],
					[
						68449.3670886076,
						7,
						0
					],
					[
						68639.2405063292,
						6,
						0
					],
					[
						68829.1139240507,
						5,
						0
					],
					[
						69018.9873417722,
						6,
						0
					],
					[
						69208.8607594937,
						5,
						0
					],
					[
						69398.7341772152,
						4,
						0
					],
					[
						69493.670886076,
						5,
						0
					],
					[
						69683.5443037975,
						7,
						0
					],
					[
						69778.4810126583,
						6,
						0
					],
					[
						67500,
						2,
						0
					],
					[
						67689.8734177215,
						3,
						0
					],
					[
						67879.746835443,
						2,
						0
					],
					[
						66930.3797468354,
						1,
						379.746835443038
					],
					[
						68164.5569620253,
						1,
						0
					],
					[
						68212.0253164557,
						0,
						189.873417721519
					],
					[
						68639.2405063291,
						2,
						0
					],
					[
						68829.1139240506,
						3,
						0
					],
					[
						69018.9873417722,
						2,
						0
					],
					[
						69208.8607594937,
						1,
						0
					],
					[
						69398.7341772152,
						0,
						0
					],
					[
						69588.6075949367,
						1,
						0
					],
					[
						69778.4810126582,
						2,
						0
					]
				],
				"typeOfSection": 0,
				"lengthInSteps": 16,
				"gfSection": false,
				"altAnim": false,
				"mustHitSection": true,
				"changeBPM": false,
				"bpm": 158
			},
			{
				"sectionNotes": [
					[
						69968.3544303798,
						4,
						0
					],
					[
						70158.2278481013,
						7,
						0
					],
					[
						70348.1012658228,
						6,
						0
					],
					[
						70443.0379746836,
						5,
						0
					],
					[
						70537.9746835444,
						6,
						0
					],
					[
						70917.7215189874,
						5,
						0
					],
					[
						70727.8481012659,
						4,
						0
					],
					[
						71012.6582278481,
						6,
						0
					],
					[
						71297.4683544304,
						6,
						0
					],
					[
						71487.3417721519,
						4,
						0
					],
					[
						71677.2151898735,
						5,
						0
					],
					[
						71867.088607595,
						6,
						0
					],
					[
						72056.9620253165,
						5,
						0
					],
					[
						72246.835443038,
						7,
						0
					],
					[
						72436.7088607595,
						5,
						0
					],
					[
						72531.6455696203,
						4,
						0
					],
					[
						72721.5189873418,
						7,
						0
					],
					[
						72816.4556962026,
						6,
						0
					],
					[
						70348.1012658228,
						2,
						0
					],
					[
						69968.3544303798,
						3,
						189.873417721519
					],
					[
						70443.0379746835,
						1,
						0
					],
					[
						70917.7215189873,
						2,
						0
					],
					[
						71107.5949367089,
						1,
						189.873417721519
					],
					[
						71487.3417721519,
						0,
						189.873417721519
					],
					[
						70537.9746835443,
						3,
						0
					],
					[
						72531.6455696202,
						3,
						189.873417721519
					],
					[
						72151.8987341772,
						1,
						189.873417721519
					]
				],
				"typeOfSection": 0,
				"lengthInSteps": 16,
				"gfSection": false,
				"altAnim": false,
				"mustHitSection": true,
				"changeBPM": false,
				"bpm": 158
			},
			{
				"sectionNotes": [
					[
						73006.3291139241,
						1,
						189.873417721519
					],
					[
						73386.0759493671,
						0,
						0
					],
					[
						73575.9493670887,
						1,
						0
					],
					[
						73765.8227848102,
						2,
						0
					],
					[
						73860.7594936709,
						3,
						0
					],
					[
						74050.6329113924,
						2,
						0
					],
					[
						74240.506329114,
						1,
						0
					],
					[
						74335.4430379747,
						0,
						0
					],
					[
						74525.3164556962,
						3,
						0
					],
					[
						74715.1898734178,
						3,
						0
					],
					[
						74905.0632911393,
						2,
						0
					],
					[
						75094.9367088608,
						1,
						0
					],
					[
						75284.8101265823,
						0,
						0
					],
					[
						75474.6835443038,
						1,
						0
					],
					[
						75569.6202531646,
						2,
						0
					],
					[
						75759.4936708861,
						0,
						0
					],
					[
						75854.4303797469,
						3,
						0
					],
					[
						72911.3924050633,
						6,
						379.746835443038
					],
					[
						73575.9493670886,
						5,
						0
					],
					[
						73765.8227848101,
						6,
						0
					],
					[
						73955.6962025316,
						7,
						0
					],
					[
						74240.5063291139,
						5,
						0
					],
					[
						74287.9746835443,
						4,
						189.873417721519
					],
					[
						74620.253164557,
						6,
						0
					],
					[
						74715.1898734177,
						7,
						0
					],
					[
						74810.1265822785,
						6,
						379.746835443038
					],
					[
						75284.8101265823,
						5,
						0
					],
					[
						75664.5569620253,
						4,
						0
					],
					[
						75854.4303797468,
						7,
						0
					]
				],
				"typeOfSection": 0,
				"lengthInSteps": 16,
				"gfSection": false,
				"altAnim": false,
				"mustHitSection": false,
				"changeBPM": false,
				"bpm": 158
			},
			{
				"sectionNotes": [
					[
						76044.3037974684,
						2,
						189.873417721519
					],
					[
						76424.0506329114,
						3,
						0
					],
					[
						76613.924050633,
						2,
						0
					],
					[
						76803.7974683545,
						1,
						0
					],
					[
						76898.7341772152,
						0,
						0
					],
					[
						77088.6075949368,
						1,
						0
					],
					[
						77278.4810126583,
						2,
						0
					],
					[
						77373.417721519,
						3,
						0
					],
					[
						77563.2911392406,
						0,
						0
					],
					[
						77753.1645569621,
						0,
						0
					],
					[
						77943.0379746836,
						1,
						0
					],
					[
						78132.9113924051,
						2,
						0
					],
					[
						78322.7848101266,
						3,
						0
					],
					[
						78512.6582278482,
						2,
						0
					],
					[
						78607.5949367089,
						1,
						0
					],
					[
						78797.4683544304,
						3,
						0
					],
					[
						78892.4050632912,
						0,
						0
					],
					[
						76044.3037974684,
						6,
						189.873417721519
					],
					[
						76803.7974683544,
						5,
						189.873417721519
					],
					[
						77183.5443037975,
						4,
						189.873417721519
					],
					[
						77563.2911392405,
						6,
						189.873417721519
					],
					[
						78322.7848101266,
						7,
						0
					],
					[
						78512.6582278481,
						5,
						0
					],
					[
						78702.5316455696,
						6,
						0
					],
					[
						78892.4050632911,
						4,
						0
					]
				],
				"typeOfSection": 0,
				"lengthInSteps": 16,
				"gfSection": false,
				"altAnim": false,
				"mustHitSection": false,
				"changeBPM": false,
				"bpm": 158
			},
			{
				"sectionNotes": [
					[
						79082.2784810127,
						2,
						0
					],
					[
						79272.1518987342,
						3,
						0
					],
					[
						79462.0253164557,
						1,
						0
					],
					[
						79556.9620253165,
						0,
						0
					],
					[
						79651.8987341772,
						1,
						0
					],
					[
						79841.7721518987,
						2,
						0
					],
					[
						80031.6455696203,
						3,
						0
					],
					[
						80126.582278481,
						2,
						0
					],
					[
						80316.4556962025,
						0,
						0
					],
					[
						80411.3924050633,
						1,
						0
					],
					[
						80601.2658227848,
						1,
						0
					],
					[
						80791.1392405063,
						3,
						0
					],
					[
						80981.0126582278,
						0,
						0
					],
					[
						81170.8860759494,
						1,
						0
					],
					[
						81360.7594936709,
						0,
						0
					],
					[
						81550.6329113924,
						1,
						0
					],
					[
						81835.4430379747,
						0,
						0
					],
					[
						81645.5696202532,
						3,
						0
					],
					[
						81930.3797468354,
						1,
						0
					]
				],
				"typeOfSection": 0,
				"lengthInSteps": 16,
				"gfSection": false,
				"altAnim": false,
				"mustHitSection": false,
				"changeBPM": false,
				"bpm": 158
			},
			{
				"sectionNotes": [
					[
						82120.253164557,
						2,
						0
					],
					[
						82310.1265822785,
						3,
						0
					],
					[
						82500,
						1,
						0
					],
					[
						82594.9367088608,
						0,
						0
					],
					[
						82689.8734177215,
						1,
						0
					],
					[
						82879.746835443,
						2,
						0
					],
					[
						83069.6202531646,
						3,
						0
					],
					[
						83164.5569620253,
						2,
						0
					],
					[
						83354.4303797468,
						0,
						0
					],
					[
						83449.3670886076,
						1,
						0
					],
					[
						83639.2405063291,
						1,
						0
					],
					[
						83829.1139240506,
						3,
						0
					],
					[
						84018.9873417722,
						0,
						0
					],
					[
						84208.8607594937,
						1,
						0
					],
					[
						84398.7341772152,
						0,
						0
					],
					[
						84588.6075949367,
						1,
						0
					],
					[
						84873.417721519,
						0,
						0
					],
					[
						84683.5443037975,
						3,
						0
					],
					[
						84968.3544303798,
						1,
						0
					]
				],
				"typeOfSection": 0,
				"lengthInSteps": 16,
				"gfSection": false,
				"altAnim": false,
				"mustHitSection": true,
				"changeBPM": false,
				"bpm": 158
			},
			{
				"sectionNotes": [
					[
						85158.2278481013,
						2,
						189.873417721519
					],
					[
						85537.9746835443,
						1,
						0
					],
					[
						85727.8481012658,
						0,
						0
					],
					[
						85917.7215189873,
						2,
						0
					],
					[
						86012.6582278481,
						3,
						0
					],
					[
						86202.5316455696,
						2,
						0
					],
					[
						86392.4050632911,
						1,
						0
					],
					[
						86487.3417721519,
						0,
						0
					],
					[
						86677.2151898734,
						3,
						0
					],
					[
						86867.0886075949,
						3,
						0
					],
					[
						87056.9620253165,
						2,
						0
					],
					[
						87246.835443038,
						1,
						0
					],
					[
						87436.7088607595,
						2,
						0
					],
					[
						87626.582278481,
						3,
						0
					],
					[
						87721.5189873418,
						1,
						0
					],
					[
						87911.3924050633,
						2,
						0
					],
					[
						88006.329113924,
						0,
						0
					]
				],
				"typeOfSection": 0,
				"lengthInSteps": 16,
				"gfSection": false,
				"altAnim": false,
				"mustHitSection": false,
				"changeBPM": false,
				"bpm": 158
			},
			{
				"sectionNotes": [
					[
						88196.2025316456,
						2,
						189.873417721519
					],
					[
						88575.9493670886,
						1,
						0
					],
					[
						88765.8227848101,
						0,
						0
					],
					[
						88955.6962025316,
						2,
						0
					],
					[
						89050.6329113924,
						3,
						0
					],
					[
						89240.5063291139,
						2,
						0
					],
					[
						89430.3797468354,
						1,
						0
					],
					[
						89525.3164556962,
						0,
						0
					],
					[
						89715.1898734177,
						3,
						0
					],
					[
						89905.0632911392,
						3,
						0
					],
					[
						90094.9367088608,
						2,
						0
					],
					[
						90284.8101265823,
						1,
						0
					],
					[
						90474.6835443038,
						2,
						0
					],
					[
						90664.5569620253,
						3,
						0
					],
					[
						90759.4936708861,
						1,
						0
					],
					[
						90949.3670886076,
						2,
						0
					],
					[
						91044.3037974684,
						0,
						0
					]
				],
				"typeOfSection": 0,
				"lengthInSteps": 16,
				"gfSection": false,
				"altAnim": false,
				"mustHitSection": true,
				"changeBPM": false,
				"bpm": 158
			},
			{
				"sectionNotes": [
					[
						91234.1772151899,
						1,
						1329.11392405063
					],
					[
						91234.1772151899,
						6,
						1329.11392405063
					]
				],
				"typeOfSection": 0,
				"lengthInSteps": 16,
				"gfSection": false,
				"altAnim": false,
				"mustHitSection": false,
				"changeBPM": false,
				"bpm": 158
			},
			{
				"sectionNotes": [],
				"typeOfSection": 0,
				"lengthInSteps": 16,
				"gfSection": false,
				"altAnim": false,
				"mustHitSection": false,
				"changeBPM": false,
				"bpm": 158
			},
			{
				"sectionNotes": [],
				"typeOfSection": 0,
				"lengthInSteps": 16,
				"gfSection": false,
				"altAnim": false,
				"mustHitSection": true,
				"changeBPM": false,
				"bpm": 158
			},
			{
				"sectionNotes": [],
				"typeOfSection": 0,
				"lengthInSteps": 16,
				"gfSection": false,
				"altAnim": false,
				"mustHitSection": true,
				"changeBPM": false,
				"bpm": 158
			},
			{
				"sectionNotes": [],
				"typeOfSection": 0,
				"lengthInSteps": 16,
				"gfSection": false,
				"altAnim": false,
				"mustHitSection": true,
				"changeBPM": false,
				"bpm": 158
			},
			{
				"sectionNotes": [],
				"typeOfSection": 0,
				"lengthInSteps": 16,
				"gfSection": false,
				"altAnim": false,
				"mustHitSection": true,
				"changeBPM": false,
				"bpm": 158
			},
			{
				"sectionNotes": [],
				"typeOfSection": 0,
				"lengthInSteps": 16,
				"gfSection": false,
				"altAnim": false,
				"mustHitSection": true,
				"changeBPM": false,
				"bpm": 158
			},
			{
				"sectionNotes": [],
				"typeOfSection": 0,
				"lengthInSteps": 16,
				"gfSection": false,
				"altAnim": false,
				"mustHitSection": true,
				"changeBPM": false,
				"bpm": 158
			},
			{
				"sectionNotes": [],
				"typeOfSection": 0,
				"lengthInSteps": 16,
				"gfSection": false,
				"altAnim": false,
				"mustHitSection": true,
				"changeBPM": false,
				"bpm": 158
			},
			{
				"sectionNotes": [],
				"typeOfSection": 0,
				"lengthInSteps": 16,
				"gfSection": false,
				"altAnim": false,
				"mustHitSection": true,
				"changeBPM": false,
				"bpm": 158
			},
			{
				"sectionNotes": [],
				"typeOfSection": 0,
				"lengthInSteps": 16,
				"gfSection": false,
				"altAnim": false,
				"mustHitSection": false,
				"changeBPM": false,
				"bpm": 158
			},
			{
				"sectionNotes": [],
				"typeOfSection": 0,
				"lengthInSteps": 16,
				"gfSection": false,
				"altAnim": false,
				"mustHitSection": false,
				"changeBPM": false,
				"bpm": 158
			},
			{
				"sectionNotes": [],
				"typeOfSection": 0,
				"lengthInSteps": 16,
				"gfSection": false,
				"altAnim": false,
				"mustHitSection": false,
				"changeBPM": false,
				"bpm": 158
			},
			{
				"sectionNotes": [],
				"typeOfSection": 0,
				"lengthInSteps": 16,
				"gfSection": false,
				"altAnim": false,
				"mustHitSection": false,
				"changeBPM": false,
				"bpm": 158
			},
			{
				"sectionNotes": [],
				"typeOfSection": 0,
				"lengthInSteps": 16,
				"gfSection": false,
				"altAnim": false,
				"mustHitSection": true,
				"changeBPM": false,
				"bpm": 158
			},
			{
				"sectionNotes": [],
				"typeOfSection": 0,
				"lengthInSteps": 16,
				"gfSection": false,
				"altAnim": false,
				"mustHitSection": true,
				"changeBPM": false,
				"bpm": 158
			},
			{
				"sectionNotes": [],
				"typeOfSection": 0,
				"lengthInSteps": 16,
				"gfSection": false,
				"altAnim": false,
				"mustHitSection": true,
				"changeBPM": false,
				"bpm": 158
			},
			{
				"sectionNotes": [],
				"typeOfSection": 0,
				"lengthInSteps": 16,
				"gfSection": false,
				"altAnim": false,
				"mustHitSection": true,
				"changeBPM": false,
				"bpm": 158
			},
			{
				"sectionNotes": [],
				"typeOfSection": 0,
				"lengthInSteps": 16,
				"gfSection": false,
				"altAnim": false,
				"mustHitSection": false,
				"changeBPM": false,
				"bpm": 158
			},
			{
				"sectionNotes": [],
				"typeOfSection": 0,
				"lengthInSteps": 16,
				"gfSection": false,
				"altAnim": false,
				"mustHitSection": false,
				"changeBPM": false,
				"bpm": 158
			},
			{
				"sectionNotes": [],
				"typeOfSection": 0,
				"lengthInSteps": 16,
				"gfSection": false,
				"altAnim": false,
				"mustHitSection": false,
				"changeBPM": false,
				"bpm": 158
			},
			{
				"sectionNotes": [],
				"typeOfSection": 0,
				"lengthInSteps": 16,
				"gfSection": false,
				"altAnim": false,
				"mustHitSection": false,
				"changeBPM": false,
				"bpm": 158
			},
			{
				"sectionNotes": [],
				"typeOfSection": 0,
				"lengthInSteps": 16,
				"gfSection": false,
				"altAnim": false,
				"mustHitSection": false,
				"changeBPM": false,
				"bpm": 158
			},
			{
				"sectionNotes": [],
				"typeOfSection": 0,
				"lengthInSteps": 16,
				"gfSection": false,
				"altAnim": false,
				"mustHitSection": false,
				"changeBPM": false,
				"bpm": 158
			},
			{
				"sectionNotes": [],
				"typeOfSection": 0,
				"lengthInSteps": 16,
				"gfSection": false,
				"altAnim": false,
				"mustHitSection": true,
				"changeBPM": false,
				"bpm": 158
			},
			{
				"sectionNotes": [],
				"typeOfSection": 0,
				"lengthInSteps": 16,
				"gfSection": false,
				"altAnim": false,
				"mustHitSection": true,
				"changeBPM": false,
				"bpm": 158
			},
			{
				"sectionNotes": [],
				"typeOfSection": 0,
				"lengthInSteps": 16,
				"gfSection": false,
				"altAnim": false,
				"mustHitSection": false,
				"changeBPM": false,
				"bpm": 158
			},
			{
				"sectionNotes": [],
				"typeOfSection": 0,
				"lengthInSteps": 16,
				"gfSection": false,
				"altAnim": false,
				"mustHitSection": false,
				"changeBPM": false,
				"bpm": 158
			},
			{
				"sectionNotes": [],
				"typeOfSection": 0,
				"lengthInSteps": 16,
				"gfSection": false,
				"altAnim": false,
				"mustHitSection": true,
				"changeBPM": false,
				"bpm": 158
			},
			{
				"sectionNotes": [],
				"typeOfSection": 0,
				"lengthInSteps": 16,
				"gfSection": false,
				"altAnim": false,
				"mustHitSection": true,
				"changeBPM": false,
				"bpm": 158
			},
			{
				"sectionNotes": [],
				"typeOfSection": 0,
				"lengthInSteps": 16,
				"gfSection": false,
				"altAnim": false,
				"mustHitSection": true,
				"changeBPM": false,
				"bpm": 158
			},
			{
				"sectionNotes": [],
				"typeOfSection": 0,
				"lengthInSteps": 16,
				"gfSection": false,
				"altAnim": false,
				"mustHitSection": true,
				"changeBPM": false,
				"bpm": 158
			},
			{
				"sectionNotes": [],
				"typeOfSection": 0,
				"lengthInSteps": 16,
				"gfSection": false,
				"altAnim": false,
				"mustHitSection": true,
				"changeBPM": false,
				"bpm": 158
			},
			{
				"sectionNotes": [],
				"typeOfSection": 0,
				"lengthInSteps": 16,
				"gfSection": false,
				"altAnim": false,
				"mustHitSection": true,
				"changeBPM": false,
				"bpm": 158
			},
			{
				"sectionNotes": [],
				"typeOfSection": 0,
				"lengthInSteps": 16,
				"gfSection": false,
				"altAnim": false,
				"mustHitSection": true,
				"changeBPM": false,
				"bpm": 158
			},
			{
				"sectionNotes": [],
				"typeOfSection": 0,
				"lengthInSteps": 16,
				"gfSection": false,
				"altAnim": false,
				"mustHitSection": true,
				"changeBPM": false,
				"bpm": 158
			},
			{
				"sectionNotes": [],
				"typeOfSection": 0,
				"lengthInSteps": 16,
				"gfSection": false,
				"altAnim": false,
				"mustHitSection": true,
				"changeBPM": false,
				"bpm": 158
			},
			{
				"sectionNotes": [],
				"typeOfSection": 0,
				"lengthInSteps": 16,
				"gfSection": false,
				"altAnim": false,
				"mustHitSection": true,
				"changeBPM": false,
				"bpm": 157
			},
			{
				"sectionNotes": [],
				"typeOfSection": 0,
				"lengthInSteps": 16,
				"gfSection": false,
				"altAnim": false,
				"mustHitSection": true,
				"changeBPM": false,
				"bpm": 157
			},
			{
				"sectionNotes": [],
				"typeOfSection": 0,
				"lengthInSteps": 16,
				"gfSection": false,
				"altAnim": false,
				"mustHitSection": true,
				"changeBPM": false,
				"bpm": 157
			},
			{
				"sectionNotes": [],
				"typeOfSection": 0,
				"lengthInSteps": 16,
				"gfSection": false,
				"altAnim": false,
				"mustHitSection": true,
				"changeBPM": false,
				"bpm": 157
			},
			{
				"sectionNotes": [],
				"typeOfSection": 0,
				"lengthInSteps": 16,
				"gfSection": false,
				"altAnim": false,
				"mustHitSection": true,
				"changeBPM": false,
				"bpm": 157
			},
			{
				"sectionNotes": [],
				"typeOfSection": 0,
				"lengthInSteps": 16,
				"gfSection": false,
				"altAnim": false,
				"mustHitSection": true,
				"changeBPM": false,
				"bpm": 157
			},
			{
				"sectionNotes": [],
				"typeOfSection": 0,
				"lengthInSteps": 16,
				"gfSection": false,
				"altAnim": false,
				"mustHitSection": true,
				"changeBPM": false,
				"bpm": 79
			},
			{
				"sectionNotes": [],
				"typeOfSection": 0,
				"lengthInSteps": 16,
				"gfSection": false,
				"altAnim": false,
				"mustHitSection": true,
				"changeBPM": false,
				"bpm": 79
			},
			{
				"sectionNotes": [],
				"typeOfSection": 0,
				"lengthInSteps": 16,
				"gfSection": false,
				"altAnim": false,
				"mustHitSection": true,
				"changeBPM": false,
				"bpm": 79
			},
			{
				"sectionNotes": [],
				"typeOfSection": 0,
				"lengthInSteps": 16,
				"gfSection": false,
				"altAnim": false,
				"mustHitSection": true,
				"changeBPM": false,
				"bpm": 79
			},
			{
				"sectionNotes": [],
				"typeOfSection": 0,
				"lengthInSteps": 16,
				"gfSection": false,
				"altAnim": false,
				"mustHitSection": true,
				"changeBPM": false,
				"bpm": 79
			},
			{
				"sectionNotes": [],
				"typeOfSection": 0,
				"lengthInSteps": 16,
				"gfSection": false,
				"altAnim": false,
				"mustHitSection": true,
				"changeBPM": false,
				"bpm": 79
			},
			{
				"sectionNotes": [],
				"typeOfSection": 0,
				"lengthInSteps": 16,
				"gfSection": false,
				"altAnim": false,
				"mustHitSection": true,
				"changeBPM": false,
				"bpm": 79
			},
			{
				"sectionNotes": [],
				"typeOfSection": 0,
				"lengthInSteps": 16,
				"gfSection": false,
				"altAnim": false,
				"mustHitSection": true,
				"changeBPM": false,
				"bpm": 79
			},
			{
				"sectionNotes": [],
				"typeOfSection": 0,
				"lengthInSteps": 16,
				"gfSection": false,
				"altAnim": false,
				"mustHitSection": true,
				"changeBPM": false,
				"bpm": 79
			},
			{
				"sectionNotes": [],
				"typeOfSection": 0,
				"lengthInSteps": 16,
				"gfSection": false,
				"altAnim": false,
				"mustHitSection": true,
				"changeBPM": false,
				"bpm": 79
			},
			{
				"sectionNotes": [],
				"typeOfSection": 0,
				"lengthInSteps": 16,
				"gfSection": false,
				"altAnim": false,
				"mustHitSection": true,
				"changeBPM": false,
				"bpm": 79
			},
			{
				"sectionNotes": [],
				"typeOfSection": 0,
				"lengthInSteps": 16,
				"gfSection": false,
				"altAnim": false,
				"mustHitSection": true,
				"changeBPM": false,
				"bpm": 79
			},
			{
				"sectionNotes": [],
				"typeOfSection": 0,
				"lengthInSteps": 16,
				"gfSection": false,
				"altAnim": false,
				"mustHitSection": true,
				"changeBPM": false,
				"bpm": 79
			},
			{
				"sectionNotes": [],
				"typeOfSection": 0,
				"lengthInSteps": 16,
				"gfSection": false,
				"altAnim": false,
				"mustHitSection": true,
				"changeBPM": false,
				"bpm": 79
			},
			{
				"sectionNotes": [],
				"typeOfSection": 0,
				"lengthInSteps": 16,
				"gfSection": false,
				"altAnim": false,
				"mustHitSection": true,
				"changeBPM": false,
				"bpm": 79
			},
			{
				"sectionNotes": [],
				"typeOfSection": 0,
				"lengthInSteps": 16,
				"gfSection": false,
				"altAnim": false,
				"mustHitSection": true,
				"changeBPM": false,
				"bpm": 79
			},
			{
				"gfSection": false,
				"lengthInSteps": 16,
				"altAnim": false,
				"typeOfSection": 0,
				"sectionNotes": [],
				"bpm": 79,
				"changeBPM": false,
				"mustHitSection": true
			},
			{
				"gfSection": false,
				"lengthInSteps": 16,
				"altAnim": false,
				"typeOfSection": 0,
				"sectionNotes": [],
				"bpm": 79,
				"changeBPM": false,
				"mustHitSection": true
			},
			{
				"gfSection": false,
				"lengthInSteps": 16,
				"altAnim": false,
				"typeOfSection": 0,
				"sectionNotes": [],
				"bpm": 79,
				"changeBPM": false,
				"mustHitSection": true
			},
			{
				"gfSection": false,
				"lengthInSteps": 16,
				"altAnim": false,
				"typeOfSection": 0,
				"sectionNotes": [],
				"bpm": 79,
				"changeBPM": false,
				"mustHitSection": true
			},
			{
				"gfSection": false,
				"lengthInSteps": 16,
				"altAnim": false,
				"typeOfSection": 0,
				"sectionNotes": [],
				"bpm": 79,
				"changeBPM": false,
				"mustHitSection": true
			},
			{
				"gfSection": false,
				"lengthInSteps": 16,
				"altAnim": false,
				"typeOfSection": 0,
				"sectionNotes": [],
				"bpm": 79,
				"changeBPM": false,
				"mustHitSection": true
			},
			{
				"gfSection": false,
				"lengthInSteps": 16,
				"altAnim": false,
				"typeOfSection": 0,
				"sectionNotes": [],
				"bpm": 79,
				"changeBPM": false,
				"mustHitSection": true
			},
			{
				"gfSection": false,
				"lengthInSteps": 16,
				"altAnim": false,
				"typeOfSection": 0,
				"sectionNotes": [],
				"bpm": 79,
				"changeBPM": false,
				"mustHitSection": true
			},
			{
				"gfSection": false,
				"lengthInSteps": 16,
				"altAnim": false,
				"typeOfSection": 0,
				"sectionNotes": [],
				"bpm": 79,
				"changeBPM": false,
				"mustHitSection": true
			},
			{
				"gfSection": false,
				"lengthInSteps": 16,
				"altAnim": false,
				"typeOfSection": 0,
				"sectionNotes": [],
				"bpm": 79,
				"changeBPM": false,
				"mustHitSection": true
			}
		],
		"events": [
			[
				54778.4810126583,
				[
					[
						"Add Camera Zoom",
						"1",
						"0.1"
					],
					[
						"Opponent Fade",
						"1",
						""
					]
				]
			],
			[
				57816.4556962026,
				[
					[
						"Add Camera Zoom",
						"0.4",
						"0.1"
					]
				]
			],
			[
				60854.4303797469,
				[
					[
						"Add Camera Zoom",
						"0.4",
						"0.1"
					]
				]
			],
			[
				63892.4050632912,
				[
					[
						"Add Camera Zoom",
						"0.4",
						"0.1"
					]
				]
			],
			[
				66930.3797468355,
				[
					[
						"Add Camera Zoom",
						"0.4",
						"0.1"
					]
				]
			],
			[
				69968.3544303798,
				[
					[
						"Add Camera Zoom",
						"0.4",
						"0.1"
					]
				]
			],
			[
				73006.3291139241,
				[
					[
						"Add Camera Zoom",
						"0.4",
						"0.1"
					]
				]
			],
			[
				76044.3037974684,
				[
					[
						"Add Camera Zoom",
						"0.4",
						"0.1"
					]
				]
			],
			[
				79082.2784810127,
				[
					[
						"Add Camera Zoom",
						"0.4",
						"0.1"
					]
				]
			],
			[
				82120.253164557,
				[
					[
						"Add Camera Zoom",
						"0.3",
						"0.1"
					]
				]
			],
			[
				85158.2278481013,
				[
					[
						"Add Camera Zoom",
						"0.2",
						"0.1"
					]
				]
			],
			[
				88196.2025316456,
				[
					[
						"Add Camera Zoom",
						"0.2",
						"0.1"
					]
				]
			],
			[
				91234.1772151899,
				[
					[
						"Add Camera Zoom",
						"0.5",
						"0.1"
					]
				]
			]
		],
		"player2": "x",
		"player3": null,
		"splashSkin": "noteSplashes",
		"song": "endless-cycles",
		"needsVoices": true,
		"arrowSkin": "",
		"validScore": true,
		"stage": "crimge",
		"bpm": 79,
		"speed": 2.5
	}
}